time,throttle,torque_x,torque_y,torque_z
0.02,7.840000000000001,0.05854857994705811,0.09692475742162099,0.40870463938932516
0.04,7.840000000000001,0.04821989460317493,0.08154633357082065,0.26283860165539114
0.06,7.840000000000001,0.03903016951597917,0.06874832890816283,0.165364045585513
0.08,7.840000000000001,0.03164048014874611,0.05727507653336979,0.09710862774358074
0.1,7.840000000000001,0.025961936964601993,0.04691896477655971,0.047959172860421215
0.12000000000000001,7.840000000000001,0.021792434967902695,0.03753135445006574,0.01211615282851003
0.14,7.840000000000001,0.01940963011526618,0.028990149419208442,-0.014034745562441357
0.16,7.840000000000001,0.017435559800911608,0.021198139392180872,-0.032967133495200314
0.18,7.840000000000001,0.015644213131514973,0.014079069699924264,-0.04633611872487299
0.19999999999999998,7.840000000000001,0.01390231060256359,0.007579109688108737,-0.05533259327380952
0.21999999999999997,7.840000000000001,0.012144106278796914,0.0016639707234519917,-0.06084398766194727
0.23999999999999996,7.840000000000001,0.010350109011470002,-0.0036854040553121387,-0.06354849532976078
0.25999999999999995,7.840000000000001,0.00852739927937563,-0.008477077848362232,-0.06397415559468059
0.27999999999999997,7.840000000000001,0.006687376785636539,-0.012712109631814425,-0.06254120586620723
0.3,7.840000000000001,0.004488987874175093,-0.01638896894537318,-0.059595870655978385
0.32,7.840000000000001,0.0029846365328255044,-0.019508766339917407,-0.055398261186418815
0.34,7.840000000000001,0.0017188185994767608,-0.0230997305950509,-0.05100525991909382
0.36000000000000004,7.840000000000001,0.00012800489236330966,-0.024318093916924955,-0.044487178035597735
0.38000000000000006,7.840000000000001,-0.001136746624310658,-0.025023499895879757,-0.03779695580812438
0.4000000000000001,7.840000000000001,-0.0019250411624057021,-0.02557854092735877,-0.03151806257622425
0.4200000000000001,7.840000000000001,-0.002252723608418174,-0.026040914006363432,-0.02564903953107216
0.4400000000000001,7.840000000000001,-0.0018585423040077117,-0.026408137283049585,-0.021124964053000503
0.46000000000000013,7.840000000000001,-0.0014812870103983803,-0.02586631642608827,-0.01702077133167877
0.48000000000000015,7.840000000000001,-0.0011296364844499687,-0.024986765442016296,-0.013168690624801102
0.5000000000000001,7.840000000000001,-0.0007966984394817253,-0.025165570678746335,-0.007854246815346086
0.5200000000000001,7.840000000000001,-0.000444754411653204,-0.02524050497779346,-0.0024403647174280054
0.5400000000000001,7.840000000000001,-7.066275988823694e-05,-0.024918060779598173,0.0024974163024716316
0.5600000000000002,7.840000000000001,0.00031404365684440077,-0.02417003003989921,0.006675932330583075
0.5800000000000002,7.840000000000001,0.0006979561474336007,-0.023311024190926278,0.0104287812453059
0.6000000000000002,7.840000000000001,0.0010842467707509803,-0.022250264435154418,0.013532953215441243
0.6200000000000002,7.840000000000001,0.0015155825150667364,-0.020932154800242752,0.016324836782013092
0.6400000000000002,7.840000000000001,0.0018985231738839958,-0.01983298968354756,0.017945026946030247
0.6600000000000003,7.840000000000001,0.002316870578217244,-0.01850442889252988,0.01941725391140786
0.6800000000000003,7.840000000000001,0.0027209393933151885,-0.017288108053544585,0.020194395272603038
0.7000000000000003,7.840000000000001,0.0030622580580085775,-0.016204919575413524,0.020382424744407625
0.7200000000000003,7.840000000000001,0.0033785411769696578,-0.015226736521017161,0.02016123605661987
0.7400000000000003,7.840000000000001,0.0036033122118599653,-0.014387132568544287,0.019576956583498322
0.7600000000000003,7.840000000000001,0.003746744829967135,-0.013689187523415119,0.01871497514837905
0.7800000000000004,7.840000000000001,0.0037950195455113724,-0.013135358873672159,0.017644537876627998
0.8000000000000004,7.840000000000001,0.0037452365257120914,-0.012721971264534924,0.016426667486516527
0.8200000000000004,7.840000000000001,0.003594267134648618,-0.012440909510149176,0.015112449340315559
0.8400000000000004,7.840000000000001,0.003341316854766772,-0.012279736805577588,0.013740870559505668
0.8600000000000004,7.840000000000001,0.0029870126225396343,-0.012223185722031855,0.012340483452750713
0.8800000000000004,7.840000000000001,0.0025333237777546143,-0.012220851585233037,0.010816971593181917
0.9000000000000005,7.840000000000001,0.0019841843248671887,-0.012400846942737666,0.009680551551357901
0.9200000000000005,7.840000000000001,0.0013412413417145503,-0.01251466874974859,0.008152034293017878
0.9400000000000005,7.840000000000001,0.0006125886837854536,-0.01284257610216898,0.007292473939046376
0.9600000000000005,7.840000000000001,-0.0002012877217961911,-0.01305649617587669,0.005972341754899233
0.9800000000000005,7.840000000000001,-0.0010899786963235508,-0.013322369884491574,0.004847270161591238
1.0000000000000004,7.840000000000001,-0.002047163499719197,-0.013743277223516141,0.004402278761652348
1.0200000000000005,7.840000000000001,-0.0030744630904134753,-0.013956935835037064,0.003224023919610769
1.0400000000000005,7.840000000000001,-0.004154525660570485,-0.014331593348056478,0.0028496160384497583
1.0600000000000005,7.840000000000001,-0.0052894100161255085,-0.014517793638749561,0.001818989062005343
1.0800000000000005,7.840000000000001,-0.0064661520890617824,-0.014812815435873938,0.0014839271293637546
1.1000000000000005,7.840000000000001,-0.007638607204134358,-0.015083538021233434,0.00044152804208896237
1.1200000000000006,7.840000000000001,-0.008950742473912534,-0.015078419037128024,0.00023358130286847768
1.1400000000000006,7.840000000000001,-0.010185082470599741,-0.015349850577530957,-0.00026676192819561327
1.1600000000000006,7.840000000000001,-0.011540289725335787,-0.015060648990400586,-0.001108944860260146
1.1800000000000006,7.840000000000001,-0.012829087827407196,-0.01517195454023377,-0.0013858595234279036
1.2000000000000006,7.840000000000001,-0.014087859683437226,-0.015002430771443488,-0.002400271726076642
1.2200000000000006,7.840000000000001,-0.01563554622113277,-0.014514375264047634,-0.002390438553869423
1.2400000000000007,7.840000000000001,-0.016693156046731005,-0.014330292829610335,-0.0034961741895100954
1.2600000000000007,7.840000000000001,-0.01811038115389857,-0.014029345505522144,-0.003829102107655219
1.2800000000000007,7.840000000000001,-0.019129257367044555,-0.013245522929506258,-0.004563935181878702
1.3000000000000007,7.840000000000001,-0.020397213023417318,-0.012927729407807235,-0.005238820532375365
1.3200000000000007,7.840000000000001,-0.0215366813295947,-0.012459941706336013,-0.005661615974038329
1.3400000000000007,7.840000000000001,-0.022323515690240842,-0.011444559455642598,-0.0066150945087652705
1.3600000000000008,7.840000000000001,-0.02347347198482661,-0.011008869696142239,-0.007129613372895465
1.3800000000000008,7.840000000000001,-0.0241754918827184,-0.010265663587272423,-0.008327715944335307
1.4000000000000008,7.840000000000001,-0.02509704673776915,-0.009265728907901139,-0.008603768667764194
1.4200000000000008,7.840000000000001,-0.025888003986120345,-0.008567136594522075,-0.00986743260792387
1.4400000000000008,7.840000000000001,-0.026344021242580676,-0.007763558641120731,-0.010951646774183515
1.4600000000000009,7.840000000000001,-0.02698361264013759,-0.006757467212385429,-0.011197507747413018
1.4800000000000009,7.840000000000001,-0.02750928864741858,-0.005946277257086046,-0.012555132393395363
1.5000000000000009,7.840000000000001,-0.027695150082763804,-0.005192102834026926,-0.01318349093331206
1.520000000000001,7.840000000000001,-0.028094689353767317,-0.00421519552620915,-0.014316754773490316
1.540000000000001,7.840000000000001,-0.0283044899018639,-0.0033351395492041505,-0.015374153772754145
1.560000000000001,7.840000000000001,-0.02809170770854416,-0.0025612164066809357,-0.015786277177641927
1.580000000000001,7.840000000000001,-0.028219623187291588,-0.0016408787544552877,-0.01693817068670229
1.600000000000001,7.840000000000001,-0.028119522915080946,-0.0007943184490851128,-0.017816370543093714
1.620000000000001,7.840000000000001,-0.02759965493815874,-0.00011424259958122712,-0.018207019499208325
1.640000000000001,7.840000000000001,-0.027436641721180304,0.0007069638832615038,-0.019168596821130156
1.660000000000001,7.840000000000001,-0.027056182925813514,0.0014242199452150917,-0.019927158877139424
1.680000000000001,7.840000000000001,-0.02628418674369592,0.0019378404045282374,-0.020094965041845228
1.700000000000001,7.840000000000001,-0.025886544085480957,0.002603454262111588,-0.02087944493636127
1.720000000000001,7.840000000000001,-0.02505847677528971,0.0031539124509198874,-0.021445176079393825
1.740000000000001,7.840000000000001,-0.02446169672501119,0.003465207626026,-0.021371104622763402
1.7600000000000011,7.840000000000001,-0.023791970010369763,0.003949279905418643,-0.021942043034735736
1.7800000000000011,7.840000000000001,-0.02272947159023164,0.004309123955972681,-0.02228430162269349
1.8000000000000012,7.840000000000001,-0.022073437185442094,0.004409274840393432,-0.021970430229068933
1.8200000000000012,7.840000000000001,-0.02099266330883153,0.00471078599987034,-0.02230522883760577
1.8400000000000012,7.840000000000001,-0.02026936830419906,0.004879154537178135,-0.02236317377990026
1.8600000000000012,7.840000000000001,-0.019163980195957737,0.0047888578729963485,-0.021859951238953387
1.8800000000000012,7.840000000000001,-0.01816778281048155,0.0049275791007202495,-0.02193900889254375
1.9000000000000012,7.840000000000001,-0.017464204420086605,0.004786522523425347,-0.021415709985675338
1.9200000000000013,7.840000000000001,-0.016362330592539026,0.004796816488443746,-0.02127841036448896
1.9400000000000013,7.840000000000001,-0.015328134864978521,0.0047273182772489914,-0.02098041069254021
1.9600000000000013,7.840000000000001,-0.014600152802882295,0.004388538439022596,-0.020148620228017205
1.9800000000000013,7.840000000000001,-0.013504167584470737,0.004351860450910544,-0.01990903928336421
2.0000000000000013,7.840000000000001,-0.012458286739468676,0.003974176225089306,-0.019038045912933073
2.0200000000000014,7.840000000000001,-0.01156357795521226,0.003876633882892309,-0.018641832305703283
2.0400000000000014,7.840000000000001,-0.010551513139799745,0.0034761708444063784,-0.017737286218457497
2.0600000000000014,7.840000000000001,-0.00963662872376459,0.003325467628429641,-0.017194139645572454
2.0800000000000014,7.840000000000001,-0.008713517009784849,0.002952820215632431,-0.016291046061316226
2.1000000000000014,7.840000000000001,-0.007838955511446012,0.002583177577654591,-0.015359642710173836
2.1200000000000014,7.840000000000001,-0.006978631097270381,0.0025565866940011157,-0.014838941821792217
2.1400000000000015,7.840000000000001,-0.006142865741991729,0.002140526562054757,-0.013787936086202733
2.1600000000000015,7.840000000000001,-0.005325414596041682,0.001908338849620873,-0.012914338372881421
2.1800000000000015,7.840000000000001,-0.004544140169616089,0.001652383792013371,-0.011971533090854173
2.2000000000000015,7.840000000000001,-0.0037644489922732073,0.0014263930804595617,-0.011020122694256446
2.2200000000000015,7.840000000000001,-0.003044727476632239,0.001476600745369663,-0.010285967498391599
2.2400000000000015,7.840000000000001,-0.0022780980018932023,0.0012053767821657338,-0.00922128678496438
2.2600000000000016,7.840000000000001,-0.0018273119950312554,0.0010483844493891393,-0.008219074268274961
2.2800000000000016,7.840000000000001,-0.0009703706339081745,0.0012163851378325654,-0.007427635012873366
2.3000000000000016,7.840000000000001,-0.0004771709916363951,0.0010189730518583484,-0.006327650472704472
2.3200000000000016,7.840000000000001,0.0005509628712862848,0.0009746205392074555,-0.005146772434944687
2.3400000000000016,7.840000000000001,0.0008945899030542712,0.0012219080034378928,-0.00438850908789321
2.3600000000000017,7.840000000000001,0.0016387163505335396,0.0011277418638113792,-0.003138556468686218
2.3800000000000017,7.840000000000001,0.0026668866159243907,0.0012032868876141465,-0.0020320407078294692
2.4000000000000017,7.840000000000001,0.002949643568765703,0.0015041861285536003,-0.001201403150736562
2.4200000000000017,7.840000000000001,0.0037543176756753313,0.001491508486348219,8.639666379162501e-05
2.4400000000000017,7.840000000000001,0.00454971863876011,0.001869087964489437,0.001229273174940202
2.4600000000000017,7.840000000000001,0.005272778216517006,0.001912132230804636,0.0024156875826832247
2.4800000000000018,7.840000000000001,0.006034865043471874,0.002307237868443994,0.0035786205024244695
2.5000000000000018,7.840000000000001,0.006760311705667499,0.0024264505730989885,0.004775250022379779
2.520000000000002,7.840000000000001,0.007433471094099357,0.002778301419825137,0.005970183290375901
2.540000000000002,7.840000000000001,0.00805335509305682,0.0032225274334912145,0.0071881246447631705
2.560000000000002,7.840000000000001,0.00862273254242219,0.0032472331280311304,0.008378706607294454
2.580000000000002,7.840000000000001,0.009140694745927158,0.0037362025986185385,0.00963256707779319
2.600000000000002,7.840000000000001,0.009621874179316516,0.0038713521154399104,0.010833081307720985
2.620000000000002,7.840000000000001,0.010069642757249758,0.0043006951286820505,0.012115965798165306
2.640000000000002,7.840000000000001,0.010498454846538025,0.004675826420956586,0.013411420447427904
2.660000000000002,7.840000000000001,0.01091408568807841,0.004698524890568359,0.014588942456155794
2.680000000000002,7.840000000000001,0.011319906761926174,0.005107664766977978,0.015938560812465877
2.700000000000002,7.840000000000001,0.011728926347748978,0.0054306236546644475,0.017284802511434688
2.720000000000002,7.840000000000001,0.01214314296505808,0.005598438993116218,0.01857617698648307
2.740000000000002,7.840000000000001,0.012565304544883592,0.005845679799603453,0.019941012888405673
2.760000000000002,7.840000000000001,0.012999876844276151,0.0059802541222792735,0.021263514646844
2.780000000000002,7.840000000000001,0.013446750643716797,0.006091282641485559,0.022597039953219624
2.800000000000002,7.840000000000001,0.013909838820150143,0.006119633790135956,0.023893739280733087
2.820000000000002,7.840000000000001,0.014390256221589865,0.006103313210433605,0.025177871933877657
2.840000000000002,7.840000000000001,0.0149060195780374,0.0060082141047752965,0.026414161660411217
2.860000000000002,7.840000000000001,0.015427607733688953,0.00585266686231302,0.027611368806820094
2.880000000000002,7.840000000000001,0.016112924372624345,0.005619535763108026,0.028744755883518967
2.900000000000002,7.840000000000001,0.016423976804435886,0.005317439614464671,0.029808793619861107
2.920000000000002,7.840000000000001,0.017070124715844286,0.004938846360688924,0.03079630466811167
2.940000000000002,7.840000000000001,0.017589376427941263,0.004489665911171207,0.031689898692966414
2.960000000000002,7.840000000000001,0.01757390241555091,0.004016979208017232,0.03234386586960592
2.980000000000002,7.840000000000001,0.01821356443301773,0.003373176438554966,0.033188845421170815
3.000000000000002,7.840000000000001,0.018429092699642453,0.0027674337178613855,0.03363438277366724
3.0200000000000022,7.840000000000001,0.018880880641906506,0.001957870671070537,0.03430787526789397
3.0400000000000023,7.840000000000001,0.01899068015921456,0.0011983193075373675,0.03459277687451833
3.0600000000000023,7.840000000000001,0.01908572097804734,0.0003497381423868264,0.03482786422372908
3.0800000000000023,7.840000000000001,0.019453108345774676,-0.0007193211809449218,0.035301014479499015
3.1000000000000023,7.840000000000001,0.019274067595048357,-0.001632936847507858,0.035186784217915
3.1200000000000023,7.840000000000001,0.019140268111026416,-0.0026400482980781063,0.03510199387554886
3.1400000000000023,7.840000000000001,0.019209829256306998,-0.0038694930901084614,0.03518959951503805
3.1600000000000024,7.840000000000001,0.018767244319587303,-0.004880052976827854,0.03475973169185664
3.1800000000000024,7.840000000000001,0.018331248963132086,-0.006106065928492188,0.03398660867324787
3.2000000000000024,7.840000000000001,0.018072738327030484,-0.007313830508026821,0.033944559163066594
3.2200000000000024,7.840000000000001,0.01730733638153156,-0.008442912706548431,0.032873477009446726
3.2400000000000024,7.840000000000001,0.016545046065786547,-0.009430626805036329,0.032322283766894486
3.2600000000000025,7.840000000000001,0.015932665672284477,-0.010739482357595373,0.03165285944798201
3.2800000000000025,7.840000000000001,0.014829281644792023,-0.011746270489191553,0.030315995099556306
3.3000000000000025,7.840000000000001,0.01378434109884157,-0.01259563019649036,0.029801200653370937
3.3200000000000025,7.840000000000001,0.012766436069223749,-0.013773150392838496,0.028680977839181002
3.3400000000000025,7.840000000000001,0.011343827890764359,-0.014377410529648436,0.027800530910280605
3.3600000000000025,7.840000000000001,0.010122225985305974,-0.015407199678197953,0.02663687668687299
3.3800000000000026,7.840000000000001,0.008513092112149992,-0.015997472131618434,0.025191184826467965
3.4000000000000026,7.840000000000001,0.007083908199507334,-0.01662110331825564,0.024606726557675363
3.4200000000000026,7.840000000000001,0.005252400981091074,-0.01724988581059167,0.023171481539225817
3.4400000000000026,7.840000000000001,0.0035420172577334866,-0.017476956707417172,0.021580282524165138
3.4600000000000026,7.840000000000001,0.001757544630886996,-0.01781952190263997,0.02096450182057128
3.4800000000000026,7.840000000000001,3.557699694892974e-05,-0.018060318509633355,0.01949023803894427
3.5000000000000027,7.840000000000001,-0.0017072739519637125,-0.01800547457919519,0.0179781739984153
3.5200000000000027,7.840000000000001,-0.0037065092274751695,-0.01802957815026156,0.016877274027938195
3.5400000000000027,7.840000000000001,-0.005302278232564008,-0.017853160166628718,0.015587762953202345
3.5600000000000027,7.840000000000001,-0.007308448705700769,-0.017492013845273144,0.01438803332035784
3.5800000000000027,7.840000000000001,-0.009113146506006899,-0.017076054427775437,0.013233744330546313
3.6000000000000028,7.840000000000001,-0.010666319730619747,-0.016271758711640282,0.01193009575709171
3.6200000000000028,7.840000000000001,-0.01242650919053506,-0.015695461688294336,0.010952329911266552
3.640000000000003,7.840000000000001,-0.014058688182809753,-0.01493135979641895,0.009952401736481608
3.660000000000003,7.840000000000001,-0.015350280601710403,-0.013756040355417986,0.008735506194637888
3.680000000000003,7.840000000000001,-0.016838920969289045,-0.012903309078457133,0.007912213518216835
3.700000000000003,7.840000000000001,-0.018195535556859536,-0.011875093299833628,0.007040321326507406
3.720000000000003,7.840000000000001,-0.01936549579154192,-0.010433529290336401,0.005935816112143723
3.740000000000003,7.840000000000001,-0.02046275812105416,-0.00934960769906128,0.005193367858343066
3.760000000000003,7.840000000000001,-0.021374691322444607,-0.008116976456043739,0.004400804972037332
3.780000000000003,7.840000000000001,-0.022236376533494227,-0.006501236910676285,0.003374342037190821
3.800000000000003,7.840000000000001,-0.022873258192932476,-0.005258680159122912,0.002675969552977222
3.820000000000003,7.840000000000001,-0.023464570503208805,-0.0038865854156745583,0.0019148445995059975
3.840000000000003,7.840000000000001,-0.023838946078684285,-0.0021493174255519496,0.000891574345665296
3.860000000000003,7.840000000000001,-0.024132747065812473,-0.000823121859447978,0.00019197863006114273
3.880000000000003,7.840000000000001,-0.024261425579099636,0.0006029716024210653,-0.0005850806039534044
3.900000000000003,7.840000000000001,-0.024232122995336038,0.0023703229796804893,-0.0016488051225590737
3.920000000000003,7.840000000000001,-0.024073768025806918,0.0036623733635693704,-0.0023684674470759283
3.940000000000003,7.840000000000001,-0.02385814791953208,0.005036975568458223,-0.0031849864846631793
3.960000000000003,7.840000000000001,-0.023348471748834344,0.006723973593386271,-0.004312574121482805
3.980000000000003,7.840000000000001,-0.02288679926919528,0.007877802320086573,-0.0050683713666487
4.000000000000003,7.840000000000001,-0.022227470874889937,0.009116705680884327,-0.005948696850281465
4.020000000000002,7.840000000000001,-0.021398676893490655,0.01060366542089488,-0.007136167757919939
4.040000000000002,7.840000000000001,-0.020354131374842308,0.011543784741678996,-0.007931336316088613
4.060000000000001,7.840000000000001,-0.019416314688379017,0.012773051275951318,-0.009070877021256963
4.080000000000001,7.840000000000001,-0.018494962992611153,0.013606672567480714,-0.009889732980075398
4.1000000000000005,7.840000000000001,-0.017103077237352566,0.014430667461503337,-0.010982349591411228
4.12,7.840000000000001,-0.015920898971267073,0.015507224235870202,-0.01177345924281946
4.14,7.840000000000001,-0.014876586835962078,0.015885760129508864,-0.012906833776599643
4.159999999999999,7.840000000000001,-0.013213269523907842,0.016715678374110574,-0.01384590977494638
4.179999999999999,7.840000000000001,-0.012099433582866458,0.01692693188130915,-0.015009503449603315
4.199999999999998,7.840000000000001,-0.010671065066319195,0.017446063253572133,-0.016018560823831664
4.219999999999998,7.840000000000001,-0.009194133978660611,0.01777184760905938,-0.016945772188581745
4.2399999999999975,7.840000000000001,-0.008019162537456909,0.017513312501027806,-0.01819242736409485
4.259999999999997,7.840000000000001,-0.006425655598063549,0.017749477214745964,-0.01910174610695299
4.279999999999997,7.840000000000001,-0.004993588084130866,0.017520121352999823,-0.020546802241081668
4.299999999999996,7.840000000000001,-0.003723350515596102,0.01717124037700085,-0.020997789063756902
4.319999999999996,7.840000000000001,-0.002250596091750091,0.016976623077125854,-0.02206636391196461
4.339999999999995,7.840000000000001,-0.0008008425685587238,0.016433915526795382,-0.023375573703321984
4.359999999999995,7.840000000000001,0.00026266270801821674,0.015803141110903886,-0.023671778158136182
4.379999999999995,7.840000000000001,0.0017274907209132546,0.015336702463026493,-0.024514815585086728
4.399999999999994,7.840000000000001,0.0029800763068655476,0.01451047243895355,-0.025647533050596867
4.419999999999994,7.840000000000001,0.004221603108184301,0.013684994400350075,-0.025781956292648324
4.439999999999993,7.840000000000001,0.0053337693228498115,0.012991720747938387,-0.026321138562708277
4.459999999999993,7.840000000000001,0.006377051129882571,0.01196262036358306,-0.027148211815828164
4.479999999999992,7.840000000000001,0.007603462647396275,0.011086242977056952,-0.02721554702506401
4.499999999999992,7.840000000000001,0.008402269834953775,0.010193724192409024,-0.027350308591581975
4.519999999999992,7.840000000000001,0.009198419837506976,0.009189833145743818,-0.027450107738819996
4.539999999999991,7.840000000000001,0.010252979666963438,0.008224034920623402,-0.027379062054502402
4.559999999999991,7.840000000000001,0.010805222409130693,0.0072067772386995785,-0.0272540785991601
4.57999999999999,7.840000000000001,0.011702792411484239,0.006224576850363562,-0.027007859447577613
4.59999999999999,7.840000000000001,0.012105957112889785,0.005207683244664656,-0.026625432960220966
4.6199999999999894,7.840000000000001,0.012936040698771344,0.004270110834517535,-0.02624319796715409
4.639999999999989,7.840000000000001,0.01327901518379416,0.0032564175332905508,-0.025514178362468644
4.659999999999989,7.840000000000001,0.013755753621409997,0.0024123900393182526,-0.02505672895782846
4.679999999999988,7.840000000000001,0.014221248379320815,0.0014986608564183472,-0.024200599585912093
4.699999999999988,7.840000000000001,0.014889453222708711,0.000718595827085995,-0.023550522788657987
4.719999999999987,7.840000000000001,0.014973303024301344,-7.892654396362059e-05,-0.02260335777131447
4.739999999999987,7.840000000000001,0.01536618004061966,-0.000816549448739606,-0.021609888941323895
4.7599999999999865,7.840000000000001,0.016094573383586094,-0.0014238030702850022,-0.02087707786564731
4.779999999999986,7.840000000000001,0.016226749009691396,-0.0020762616037445967,-0.019699535426900904
4.799999999999986,7.840000000000001,0.01642186638779678,-0.0026466738548470035,-0.018547975136132034
4.819999999999985,7.840000000000001,0.016677943984114287,-0.003146808574478478,-0.017443471081420307
4.839999999999985,7.840000000000001,0.016798690178846578,-0.003606428025850221,-0.016238901950272007
4.859999999999984,7.840000000000001,0.0169360601679222,-0.004005350010521201,-0.015053012789855106
4.879999999999984,7.840000000000001,0.017039391595272506,-0.004356159319264593,-0.013856219950790128
4.8999999999999835,7.840000000000001,0.017127986873003303,-0.004658436095422478,-0.012666916886384844
4.919999999999983,7.840000000000001,0.01720237168930967,-0.004920789876659562,-0.011492898643031903
4.939999999999983,7.840000000000001,0.017268285075012175,-0.005138488528972716,-0.010340140224638488
4.959999999999982,7.840000000000001,0.01732912393998722,-0.0054727579949825625,-0.009253537541447839
4.979999999999982,7.840000000000001,0.017384359659025753,-0.005525993430603986,-0.008130755613672576
4.999999999999981,7.840000000000001,0.017441461956061385,-0.005841416753718154,-0.007106443038508264
5.019999999999981,7.840000000000001,0.01749433057450831,-0.005812708759911313,-0.00607471726822496
5.0399999999999805,7.840000000000001,0.01754805114827513,-0.005878103115985503,-0.005121347380637112
5.05999999999998,7.840000000000001,0.017349826985027888,-0.006805867218213352,-0.004506643746606474
5.07999999999998,7.840000000000001,0.01720432060629226,-0.007716385683424422,-0.003845667075488126
5.099999999999979,7.840000000000001,0.017083834155469553,-0.008538707885614054,-0.0031130352519258284
5.119999999999979,7.840000000000001,0.016979849102034317,-0.009260771823761331,-0.0023361891486556783
5.139999999999978,7.840000000000001,0.01687610793714913,-0.00988355548924934,-0.0015377788106948945
5.159999999999978,7.840000000000001,0.0167669260265403,-0.010415875980340019,-0.000743961159739241
5.1799999999999775,7.840000000000001,0.01686639149434409,-0.010886853354450773,-0.00013411104785507292
5.199999999999977,7.840000000000001,0.016463403229592707,-0.011255566292499058,0.0007770918056820423
5.219999999999977,7.840000000000001,0.01638083464045954,-0.011603527330629481,0.0013820655937952324
5.239999999999976,7.840000000000001,0.016109400292764885,-0.011893022447770536,0.0020654393347353693
5.259999999999976,7.840000000000001,0.015267570590106196,-0.012105361189467848,0.002967819474807593
5.279999999999975,7.840000000000001,0.015176012127487473,-0.012348253485079673,0.003500003629156699
5.299999999999975,7.840000000000001,0.014563123265319913,-0.012561038660784505,0.004072020783857577
5.3199999999999745,7.840000000000001,0.013983568976027008,-0.012749671376757817,0.004668339797464463
5.339999999999974,7.840000000000001,0.013612384391275862,-0.012939176393439002,0.005193448915275144
5.359999999999974,7.840000000000001,0.012790948421171127,-0.013125614509652822,0.005715151690001911
5.379999999999973,7.840000000000001,0.012083547608225399,-0.013310885409111918,0.006183027854877793
5.399999999999973,7.840000000000001,0.011519174841130644,-0.01352556997623206,0.006651430978081448
5.419999999999972,7.840000000000001,0.010624516643802245,-0.013570178097922641,0.006885726532399605
5.439999999999972,7.840000000000001,0.009781162660083755,-0.013923726619572365,0.007465379146883563
5.4599999999999715,7.840000000000001,0.009151689744627494,-0.014015888695603686,0.007671650390956406
5.479999999999971,7.840000000000001,0.008133453096599784,-0.014397348895049985,0.008280337378968558
5.499999999999971,7.840000000000001,0.0071417064077486945,-0.01458132046046312,0.00857442984776848
5.51999999999997,7.840000000000001,0.0064382964019031284,-0.014756855623985096,0.00883881614453403
5.53999999999997,7.840000000000001,0.005302357869315353,-0.01522901314584037,0.009623792961844181
5.559999999999969,7.840000000000001,0.005204289776460077,-0.015914587714488882,0.0077799267120443015
5.579999999999969,7.840000000000001,0.004220601376707812,-0.016425395308856658,0.006630732715371384
5.599999999999969,7.840000000000001,0.002842923339654522,-0.01691550948204438,0.005868391610978412
5.619999999999968,7.840000000000001,0.0012645477167525284,-0.01737953789151143,0.005365067263344469
5.639999999999968,7.840000000000001,-0.0004271461979798868,-0.017792325030307053,0.005083035181355277
5.659999999999967,7.840000000000001,-0.00217482026345196,-0.018138457316611213,0.004987902884596528
5.679999999999967,7.840000000000001,-0.003941967205237986,-0.01841110557176766,0.005042599585739951
5.699999999999966,7.840000000000001,-0.0057063324892436635,-0.018609061364098053,0.005210273676107107
5.719999999999966,7.840000000000001,-0.007455155023785939,-0.01873378768657799,0.005457540721307328
5.739999999999966,7.840000000000001,-0.009179981646197922,-0.01878753657055885,0.0057560530494100036
5.759999999999965,7.840000000000001,-0.010872271710474266,-0.018772371573637436,0.006082790626062991
5.779999999999965,7.840000000000001,-0.012526740714292078,-0.018689780554913216,0.006419886336515457
5.799999999999964,7.840000000000001,-0.01414098289733833,-0.01854059423273778,0.006753745322353402
5.819999999999964,7.840000000000001,-0.015713834822732812,-0.01832486090337166,0.007073482158950236
5.839999999999963,7.840000000000001,-0.01724530926296963,-0.018042597259739508,0.007372413421076642
5.859999999999963,7.840000000000001,-0.01873533216369083,-0.01768965683795919,0.007631796816076807
5.879999999999963,7.840000000000001,-0.020183622953953706,-0.01731953815684877,0.00805446392941544
5.899999999999962,7.840000000000001,-0.021599384473896525,-0.016768992238706693,0.007982928900868602
5.919999999999962,7.840000000000001,-0.02300486420703594,-0.016195404706138408,0.008458471824704954
5.939999999999961,7.840000000000001,-0.024224495441717203,-0.015621116540910992,0.008077166730901923
5.959999999999961,7.840000000000001,-0.025592438418626146,-0.01485265253479631,0.008401083842382574
5.9799999999999605,7.840000000000001,-0.02644304583744237,-0.014295016167022834,0.008195104477933613
5.99999999999996,7.840000000000001,-0.027798460481263776,-0.01329845524275298,0.007703744281030929
6.01999999999996,7.840000000000001,-0.02888005546959532,-0.012443735691988372,0.007849979588597598
6.039999999999959,7.840000000000001,-0.029541771530280196,-0.01171426352543056,0.006883236834566745
6.059999999999959,7.840000000000001,-0.0306948519041672,-0.010619424197243295,0.006977752330344195
6.079999999999958,7.840000000000001,-0.03142554576975972,-0.009770307380886451,0.0059775585410583145
6.099999999999958,7.840000000000001,-0.03227328633605652,-0.008597463149228629,0.005871943780899562
6.1199999999999575,7.840000000000001,-0.03289571313471375,-0.007640821614392088,0.004896190339579824
6.139999999999957,7.840000000000001,-0.03325451225124168,-0.00639948056888834,0.004519030313515346
6.159999999999957,7.840000000000001,-0.033836937220757715,-0.00534880704188018,0.00412190635981533
6.179999999999956,7.840000000000001,-0.03420788459310067,-0.004224276530717217,0.002845918133716151
6.199999999999956,7.840000000000001,-0.034225376154156564,-0.0027838839104370157,0.0027138684544301375
6.219999999999955,7.840000000000001,-0.034491889619806225,-0.001715932722042785,0.0014752294600339166
6.239999999999955,7.840000000000001,-0.03453510278907368,-0.000336913292849508,0.0012444013523690155
6.2599999999999545,7.840000000000001,-0.03417126650137502,0.0007445805000990432,4.467244218608315e-05
6.279999999999954,7.840000000000001,-0.03410399760798358,0.0020231146229108873,-0.00023903706421874555
6.299999999999954,7.840000000000001,-0.033643109278473325,0.003172954594085711,-0.001249044462584478
6.319999999999953,7.840000000000001,-0.03328353431389371,0.004108135847699992,-0.0018387628289269929
6.339999999999953,7.840000000000001,-0.03277078327270854,0.00543356116215028,-0.0020058150395602446
6.359999999999952,7.840000000000001,-0.031891324444099055,0.006319565275057859,-0.0032791961961117356
6.379999999999952,7.840000000000001,-0.03127573279940753,0.007444677316137234,-0.0033071478785446687
6.3999999999999515,7.840000000000001,-0.030260025327315813,0.008232039943638692,-0.0043898481598282245
6.419999999999951,7.840000000000001,-0.029454731023549487,0.00918217475699228,-0.0044050451166835905
6.439999999999951,7.840000000000001,-0.028309444909726884,0.009880736995006812,-0.005303606426418313
6.45999999999995,7.840000000000001,-0.027421558389995212,0.010415657915165735,-0.005469612106578319
6.47999999999995,7.840000000000001,-0.02606701243812865,0.01136684419705006,-0.005885837313231354
6.499999999999949,7.840000000000001,-0.024848300788708547,0.011722946732571638,-0.006503466766122059
6.519999999999949,7.840000000000001,-0.02377833495994114,0.012319247469996958,-0.006156422364777239
6.5399999999999485,7.840000000000001,-0.02242086830361326,0.012613158299653184,-0.006913659612484404
6.559999999999948,7.840000000000001,-0.020809636361217774,0.013354415301756312,-0.0048101341482503475
6.579999999999948,7.840000000000001,-0.019003036566653413,0.0137655993670385,-0.0030921597249794343
6.599999999999947,7.840000000000001,-0.01782700863252148,0.013620361691127663,-0.002038740247574073
6.619999999999947,7.840000000000001,-0.016343266820536183,0.013821213337456093,-0.0008225429073557153
6.639999999999946,7.840000000000001,-0.014700869655020259,0.013833992946999812,0.0001420407973375826
6.659999999999946,7.840000000000001,-0.013537706365902812,0.013681911459002407,0.0009634912210519311
6.6799999999999455,7.840000000000001,-0.012008217765005026,0.013464777024398588,0.0016928493668591249
6.699999999999945,7.840000000000001,-0.01090353766302015,0.01318312790663742,0.0023264314547541726
6.719999999999945,7.840000000000001,-0.009465902972601482,0.012862696028570394,0.0028526957892949117
6.739999999999944,7.840000000000001,-0.00839073752354889,0.012511323157776054,0.0032903603224713157
6.759999999999944,7.840000000000001,-0.007048401586086577,0.012139411402754251,0.0036340060863587144
6.779999999999943,7.840000000000001,-0.0057534384175725786,0.01175303065079845,0.003897412580962595
6.799999999999943,7.840000000000001,-0.0048595894058606915,0.011357145417977594,0.0041005931038358544
6.8199999999999426,7.840000000000001,-0.0035274647664953096,0.010961361757332788,0.004197316165594471
6.839999999999942,7.840000000000001,-0.0026368466132793878,0.010548873712391445,0.004291935022949257
6.859999999999942,7.840000000000001,-0.0013812775100120705,0.01028089052184727,0.003964382190910064
6.879999999999941,7.840000000000001,-0.0004924276843991057,0.009788207312035025,0.00416407276706495
6.899999999999941,7.840000000000001,0.0006659585307660802,0.009510507521616888,0.0038344381138795897
6.91999999999994,7.840000000000001,0.0017506049030014306,0.009024558921297563,0.003950477236840821
6.93999999999994,7.840000000000001,0.0024458836706779037,0.00860267445930626,0.003938038984543619
6.95999999999994,7.840000000000001,0.0035559751941607,0.00837436434034624,0.0034897182875690304
6.979999999999939,7.840000000000001,0.004227865309255477,0.00785542519271501,0.0036779434261307565
6.999999999999939,7.840000000000001,0.005240239336663123,0.007650765268862491,0.0032480129290734243
7.019999999999938,7.840000000000001,0.005855544133412181,0.007168462136933063,0.0033668519669300115
7.039999999999938,7.840000000000001,0.006762413438923304,0.00698199831199895,0.0030031872995074714
7.059999999999937,7.840000000000001,0.007355192889785296,0.006572030915850532,0.0030414828892955867
7.079999999999937,7.840000000000001,0.007868432743901201,0.00637451996848401,0.0028075681766338598
7.099999999999937,7.840000000000001,0.008756721254066508,0.006213399807233015,0.0025742804556937635
7.119999999999936,7.840000000000001,0.009136707358842377,0.0057475012747364865,0.002833706613849013
7.139999999999936,7.840000000000001,0.009893094018341441,0.005686816737678985,0.0025914181919232822
7.159999999999935,7.840000000000001,0.01020848965478617,0.005333278536395604,0.0027906149653889756
7.179999999999935,7.840000000000001,0.010810865728458413,0.005280154636069379,0.0027042637573626753
7.1999999999999345,7.840000000000001,0.011122732397093502,0.005195116244222667,0.0027448558817013417
7.219999999999934,7.840000000000001,0.01137945264516611,0.004825285107216115,0.003140723040381321
7.239999999999934,7.840000000000001,0.012005216397036889,0.0048595186775025855,0.0031973163224824704
7.259999999999933,7.840000000000001,0.012114813621685623,0.0048070074745588266,0.0034454938848277883
7.279999999999933,7.840000000000001,0.012328039174284565,0.004488667631145842,0.003969674258967036
7.299999999999932,7.840000000000001,0.012803608159254382,0.004543240061742577,0.004259537183204361
7.319999999999932,7.840000000000001,0.012832954679110548,0.00452026526605319,0.004712053711480984
7.3399999999999315,7.840000000000001,0.01292158604173749,0.004186407196834008,0.0054122321162866855
7.359999999999931,7.840000000000001,0.013322458265619811,0.004240601908138838,0.005930024138448625
7.379999999999931,7.840000000000001,0.013250997709205342,0.004204389351109442,0.006593910982491658
7.39999999999993,7.840000000000001,0.013237438134982621,0.0038274160380394476,0.007453495239420057
7.41999999999993,7.840000000000001,0.013541835050821259,0.003835683851652749,0.008187542642653525
7.439999999999929,7.840000000000001,0.013379351316407025,0.003741408411308897,0.009043657134443696
7.459999999999929,7.840000000000001,0.01327196600155168,0.003281773465799882,0.010029823061584687
7.4799999999999285,7.840000000000001,0.013477406908978917,0.003201181100504882,0.01094071687099948
7.499999999999928,7.840000000000001,0.013226855632643668,0.003005619504672098,0.011946223784367932
7.519999999999928,7.840000000000001,0.013033427877845593,0.0024270441312602403,0.013005390278779413
7.539999999999927,7.840000000000001,0.013126013623654502,0.0022206593070584605,0.01402675388541283
7.559999999999927,7.840000000000001,0.009643128595190212,0.0016108860606252684,0.011657874089998143
7.579999999999926,7.840000000000001,0.008478332013494483,0.0007912375082959445,0.0107719595358044
7.599999999999926,7.840000000000001,0.008123684804900048,0.0004507952707577388,0.010545114292618714
7.6199999999999255,7.840000000000001,0.007915228770920699,-0.0003022689948902142,0.010463506511026045
7.639999999999925,7.840000000000001,0.007862394605339475,-0.0007020940453655519,0.010732860628419098
7.659999999999925,7.840000000000001,0.007964500928552116,-0.0015002514546185069,0.011138100437148591
7.679999999999924,7.840000000000001,0.008149941941881844,-0.002015247152872881,0.0118413314731852
7.699999999999924,7.840000000000001,0.008364695833126753,-0.0028877810731725373,0.012520268717440901
7.719999999999923,7.840000000000001,0.008539903067466641,-0.003766550811894635,0.013221835927047575
7.739999999999923,7.840000000000001,0.008639886346369138,-0.0043586832609779835,0.014130069204449253
7.7599999999999225,7.840000000000001,0.008650633048201435,-0.005425386395424468,0.014730218355199434
7.779999999999922,7.840000000000001,0.008539314921076095,-0.006160150452983719,0.015518225101071783
7.799999999999922,7.840000000000001,0.008314330516666652,-0.007260082485367385,0.015964789839516283
7.819999999999921,7.840000000000001,0.007958837086740273,-0.008275969161932122,0.016363734904119163
7.839999999999921,7.840000000000001,0.007477948261254669,-0.009044405293897863,0.016923245584792315
7.85999999999992,7.840000000000001,0.006834004168848217,-0.010192455838611995,0.017016548011855172
7.87999999999992,7.840000000000001,0.0058748545301080075,-0.011017507998550941,0.017347310011656725
7.8999999999999195,7.840000000000001,0.0055344849058522345,-0.012190525625943248,0.01751128244769985
7.919999999999919,7.840000000000001,0.00433538798411787,-0.013155939887462186,0.017206521300341865
7.939999999999919,7.840000000000001,0.003502685721522046,-0.013905026847607305,0.017475401702940034
7.959999999999918,7.840000000000001,0.002571169416476534,-0.014946992813926401,0.017028217269599574
7.979999999999918,7.840000000000001,0.0014944009932348942,-0.015616969389732789,0.016769426321355058
7.999999999999917,7.840000000000001,0.0004223917652019206,-0.016432235052295022,0.01608412567711119
8.019999999999918,7.840000000000001,-0.0007176858202611981,-0.01711518521295413,0.015312229159877884
8.039999999999917,7.840000000000001,-0.0019585233641545813,-0.017438872597672708,0.014907791691258358
8.059999999999917,7.840000000000001,-0.003268767902795408,-0.01800936588937924,0.013841000948532278
8.079999999999917,7.840000000000001,-0.0046246797455197705,-0.01822303320168705,0.013152071842249095
8.099999999999916,7.840000000000001,-0.005997714513320407,-0.01852161421126161,0.012038774723265153
8.119999999999916,7.840000000000001,-0.007364139363326534,-0.018673120233085424,0.010919318212647832
8.139999999999915,7.840000000000001,-0.00870506469106319,-0.01847765203314348,0.010269019740366502
8.159999999999915,7.840000000000001,-0.010005776387211092,-0.018482802014466303,0.0089349021825662
8.179999999999914,7.840000000000001,-0.011252765532066786,-0.018151398838290717,0.008067149887472048
8.199999999999914,7.840000000000001,-0.012438346336177047,-0.017876995465901834,0.0067893699092849095
8.219999999999914,7.840000000000001,-0.013549063313029748,-0.017462236217622256,0.005549660485470321
8.239999999999913,7.840000000000001,-0.014581041755720107,-0.016731598833521804,0.004852813027674836
8.259999999999913,7.840000000000001,-0.015530486378243237,-0.016178366932006902,0.0034516561884707546
8.279999999999912,7.840000000000001,-0.016385961123650827,-0.015296883748898595,0.0026734517640721422
8.299999999999912,7.840000000000001,-0.017149364940887892,-0.014519993220085703,0.001348076124008129
8.319999999999911,7.840000000000001,-0.017802454676418163,-0.013590332095003948,0.0002161352341545317
8.339999999999911,7.840000000000001,-0.018351182473595566,-0.012422330230588806,-0.0004237275622836904
8.35999999999991,7.840000000000001,-0.018783426348162328,-0.011424557043236834,-0.0017317328596839294
8.37999999999991,7.840000000000001,-0.019106722653814613,-0.010131643581619613,-0.0023391898815151566
8.39999999999991,7.840000000000001,-0.019299044046243233,-0.00899669124829822,-0.0035354001296500916
8.41999999999991,7.840000000000001,-0.01938935236207849,-0.007604169083715917,-0.004131472894688839
8.439999999999909,7.840000000000001,-0.019311319442352055,-0.006395875234859183,-0.0051569841276780685
8.459999999999908,7.840000000000001,-0.01923859003979325,-0.004886781140819943,-0.006246976653067519
8.479999999999908,7.840000000000001,-0.018810676213257008,-0.0035871399142524242,-0.006386035742730935
8.499999999999908,7.840000000000001,-0.018454167437925773,-0.0021646087101157667,-0.007568857053025357
8.519999999999907,7.840000000000001,-0.017793029953716833,-0.0008837307154326818,-0.007648442995649809
8.539999999999907,7.840000000000001,-0.016957931403577008,0.00047341015597730926,-0.008645111350625002
8.559999999999906,7.840000000000001,-0.015858824521832432,0.0013462805619306117,-0.007016765122887218
8.579999999999906,7.840000000000001,-0.014808026095517991,0.0023342721843635458,-0.00578617712699547
8.599999999999905,7.840000000000001,-0.013885717653396074,0.0037672904523640104,-0.005254930573540193
8.619999999999905,7.840000000000001,-0.01252591258503252,0.004662014188745915,-0.004461695030094001
8.639999999999905,7.840000000000001,-0.011575721837582414,0.0056638593383186225,-0.003844147843511028
8.659999999999904,7.840000000000001,-0.010292356456456988,0.0070071569912567005,-0.003618056264339908
8.679999999999904,7.840000000000001,-0.008943132884662927,0.007817284854786073,-0.0031148121701960896
8.699999999999903,7.840000000000001,-0.00792606803206943,0.008699848192199693,-0.002832461709145943
8.719999999999903,7.840000000000001,-0.006479438474598149,0.009866506216119706,-0.002939188865755056
8.739999999999903,7.840000000000001,-0.004958765405909845,0.010443504236008818,-0.002769212275884993
8.759999999999902,7.840000000000001,-0.003726475291017046,0.011383207908363965,-0.003034739221852753
8.779999999999902,7.840000000000001,-0.0020536947230891055,0.011819142696504028,-0.003099025137241967
8.799999999999901,7.840000000000001,-0.00038117008068899293,0.012541043360077761,-0.0035299890130901517
8.8199999999999,7.840000000000001,0.0012363485995399925,0.013041885960523712,-0.003954322502888233
8.8399999999999,7.840000000000001,0.0029587811970985685,0.013108292042721228,-0.004214299225755795
8.8599999999999,7.840000000000001,0.004653182705175196,0.013572353119777275,-0.0049110340326702
8.8799999999999,7.840000000000001,0.006389037217121016,0.013711302819327465,-0.005512453838767259
8.899999999999899,7.840000000000001,0.008046185574047427,0.013554095701332503,-0.006035822035895992
8.919999999999899,7.840000000000001,0.009759469147079767,0.013671486314375368,-0.006875240387375339
8.939999999999898,7.840000000000001,0.011416446178986451,0.01348688553791165,-0.007937488251437178
8.959999999999898,7.840000000000001,0.012962368271361453,0.013035419327108489,-0.008366223635745724
8.979999999999897,7.840000000000001,0.014561913536700949,0.01282108075367479,-0.009675701834903275
8.999999999999897,7.840000000000001,0.016077799418759236,0.012499684206163354,-0.010330496711449052
9.019999999999897,7.840000000000001,0.017405007171722914,0.011770348355472058,-0.010868889467052742
9.039999999999896,7.840000000000001,0.01882481189566776,0.011311350181810195,-0.012334734148979374
9.059999999999896,7.840000000000001,0.020109643027200533,0.010810987995589456,-0.012888826748933043
9.079999999999895,7.840000000000001,0.02116264759774179,0.00979699399906943,-0.013914591612511063
9.099999999999895,7.840000000000001,0.022324509645025078,0.009335222215676075,-0.01460323620357717
9.119999999999894,7.840000000000001,0.023321288929801565,0.00851887161619021,-0.01577724433106651
9.139999999999894,7.840000000000001,0.02405425673946752,0.007574764296382016,-0.01609159259551996
9.159999999999894,7.840000000000001,0.024926560397695377,0.006869338648510374,-0.01725827053708094
9.179999999999893,7.840000000000001,0.025470394821802744,0.005837359409983734,-0.018013770100629135
9.199999999999893,7.840000000000001,0.02609201597733568,0.005222230981907966,-0.01840692272886004
9.219999999999892,7.840000000000001,0.026577947197285033,0.004333791420103994,-0.019440216328352758
9.239999999999892,7.840000000000001,0.026721650374497613,0.0034037526605267395,-0.019418264635059895
9.259999999999891,7.840000000000001,0.027090866500400285,0.002653718582359336,-0.02041965292384719
9.279999999999891,7.840000000000001,0.02704504894934314,0.0018023953931866012,-0.0203557458337085
9.29999999999989,7.840000000000001,0.027199209023734558,0.001072981834379491,-0.02115886227398773
9.31999999999989,7.840000000000001,0.02697834274997093,0.00030729469698886756,-0.021046123609286822
9.33999999999989,7.840000000000001,0.026881315248259548,-0.00039579650913031117,-0.02154195106102506
9.35999999999989,7.840000000000001,0.026741551409030694,-0.0010241437457262454,-0.021986904751979716
9.379999999999889,7.840000000000001,0.026198331227927283,-0.0016050914355435768,-0.02140101614280004
9.399999999999888,7.840000000000001,0.025942078525099298,-0.0021709351637294394,-0.021817310606089095
9.419999999999888,7.840000000000001,0.025280773634195872,-0.002641384280810065,-0.021194382046159383
9.439999999999888,7.840000000000001,0.024660043031653478,-0.0032275444276926987,-0.021132214764449327
9.459999999999887,7.840000000000001,0.024269626493731686,-0.0035280595039495727,-0.021134692205427956
9.479999999999887,7.840000000000001,0.023418967874549942,-0.003772626053521006,-0.020195316497912848
9.499999999999886,7.840000000000001,0.022655600153982162,-0.004194992944488378,-0.019893324428052757
9.519999999999886,7.840000000000001,0.022161091187050737,-0.004334057055143346,-0.0196490544494938
9.539999999999885,7.840000000000001,0.021211490140015457,-0.004376904143718147,-0.018528537254802024
9.559999999999885,7.840000000000001,0.021381209703201554,-0.004225470156354421,-0.020886942289958972
9.579999999999885,7.840000000000001,0.021064438460660723,-0.004354059887370099,-0.02236877530647298
9.599999999999884,7.840000000000001,0.020486108885264934,-0.00457501592901123,-0.023122892927843544
9.619999999999884,7.840000000000001,0.019866552550436428,-0.004769012823909575,-0.02344496435502621
9.639999999999883,7.840000000000001,0.01921442584741912,-0.004916658849143157,-0.023426271875869244
9.659999999999883,7.840000000000001,0.018427926671145407,-0.0050140339436868745,-0.023120519778562346
9.679999999999882,7.840000000000001,0.0175091188865965,-0.005059509279948328,-0.02257180909733412
9.699999999999882,7.840000000000001,0.01650252760513616,-0.005053622030807866,-0.021822391199215228
9.719999999999882,7.840000000000001,0.015448363681820735,-0.004999251354866417,-0.020913867862199856
9.739999999999881,7.840000000000001,0.014378363355445293,-0.004901261101825871,-0.019885021439410195
9.75999999999988,7.840000000000001,0.013315483785202767,-0.004765966350464606,-0.018770233158827945
9.77999999999988,7.840000000000001,0.01227498017479931,-0.004600529212450386,-0.017598754451089764
9.79999999999988,7.840000000000001,0.011265950088132151,-0.00441235507775861,-0.016394610503318273
9.81999999999988,7.840000000000001,0.010292836421918866,-0.004208570151107258,-0.015176915619660258
9.839999999999879,7.840000000000001,0.009356060361358692,-0.003995573590819901,-0.013960395274398994
9.859999999999879,7.840000000000001,0.008452456414829375,-0.0037789477182513316,-0.012756128885762484
9.879999999999878,7.840000000000001,0.007579689086542878,-0.0035104942933334663,-0.011550404083948652
9.899999999999878,7.840000000000001,0.006735008664829463,-0.0034301246968850584,-0.010439950067269815
9.919999999999877,7.840000000000001,0.005912795366234574,-0.00311510707242088,-0.009277398436947427
9.939999999999877,7.840000000000001,0.005111339940392053,-0.003172127377989876,-0.008238240919847074
9.959999999999877,7.840000000000001,0.004323416378119497,-0.002938690220504596,-0.0071611647379975765
9.979999999999876,7.840000000000001,0.003547767740175541,-0.0028482721019892254,-0.006137428751434723
9.999999999999876,7.840000000000001,0.0027795072110561566,-0.003083990556609523,-0.005149777689295324
