time,x,y,z,vx,vy,vz,phi,theta,psi,p,q,r
0.02,0.0,0.0,0.0,0.0,0.0,0.0,0.002824075694314251,0.004689768508264736,0.010000571427460983,0.2783354945154652,0.4709040820298576,0.9989883549803643
0.04,0.0,0.0,0.0,0.0,0.0,0.0,0.010417276997846576,0.017455399341289618,0.03650779750715591,0.44878369221464215,0.8243275713700906,1.6427649403657667
0.06,0.0,0.0,0.0,0.0,0.0,0.0,0.021094349896591466,0.035779901554793284,0.07375938001632712,0.517106160451628,1.0674413912822085,2.0514692556569174
0.08,0.0,0.0,0.0,0.0,0.0,0.0,0.034380347346060415,0.05836039560980215,0.11795915295540912,0.6013233281564093,1.3125201094037913,2.2991924281624603
0.1,0.0,0.0,0.0,0.0,0.0,0.0,0.05089626701503612,0.08520108649825632,0.16656573126957194,0.700002163320648,1.5755780723123818,2.4301824245296983
0.12000000000000001,0.0,0.0,0.0,0.0,0.0,0.0,0.07078074878112425,0.11634553275794245,0.21784174874252732,0.7715381495847325,1.8426138830079761,2.472626434122997
0.14,0.0,0.0,0.0,0.0,0.0,0.0,0.09332159920384714,0.15092974449170646,0.2705646185047327,0.779615765973263,2.031426405657307,2.451559795003262
0.16,0.0,0.0,0.0,0.0,0.0,0.0,0.11819347157727654,0.18808430413876256,0.3238779069514419,0.8082873404736058,2.2166533061503926,2.381964097169303
0.18,0.0,0.0,0.0,0.0,0.0,0.0,0.1457569558653645,0.22772118727570642,0.3772336137949718,0.8473776397034956,2.3979599554208115,2.272055886340343
0.19999999999999998,0.0,0.0,0.0,0.0,0.0,0.0,0.17547574636793367,0.26901016594904287,0.4302265067316417,0.8228488525862474,2.497612669262779,2.1383028126629093
0.21999999999999997,0.0,0.0,0.0,0.0,0.0,0.0,0.20647985429669508,0.31110212885765337,0.4819327762315719,0.8010594827895251,2.5735273954353004,1.9275104866143313
0.23999999999999996,0.0,0.0,0.0,0.0,0.0,0.0,0.23884049600768395,0.3539648532895978,0.5318347508765038,0.8082238465006489,2.646621180270896,1.7268526423374415
0.25999999999999995,0.0,0.0,0.0,0.0,0.0,0.0,0.272313308118904,0.3968904251776326,0.5802435655273341,0.7659970609011929,2.6434016248673924,1.5456467086041341
0.27999999999999997,0.0,0.0,0.0,0.0,0.0,0.0,0.3059678911106297,0.4386753839458941,0.6273119912063103,0.691350670823418,2.5868864524661244,1.3864272434258518
0.3,0.0,0.0,0.0,0.0,0.0,0.0,0.3398000671690294,0.4790955275780042,0.6731973035504011,0.6609033227841251,2.5503067580166303,1.2326267293468303
0.32,0.0,0.0,0.0,0.0,0.0,0.0,0.37396672996398767,0.5179898984522473,0.7180363631705831,0.6130120638648281,2.4687937603049632,1.0988192277341764
0.34,0.0,0.0,0.0,0.0,0.0,0.0,0.40774327456696824,0.5544851882311732,0.7618462110079552,0.527190509185411,2.3394751675981307,0.9928042903426991
0.36000000000000004,0.0,0.0,0.0,0.0,0.0,0.0,0.44105448049929463,0.588458337308279,0.8046661158875121,0.4886815180260942,2.238757849701587,0.890623836023888
0.38000000000000006,0.0,0.0,0.0,0.0,0.0,0.0,0.47447868704091783,0.6202864238610766,0.8465764053626231,0.472835628702426,2.1398047934289934,0.7966921678598488
0.4000000000000001,0.0,0.0,0.0,0.0,0.0,0.0,0.507649678075027,0.6495232271552994,0.8875586398367511,0.41385246267464676,1.9939081775569671,0.7343881253132916
0.4200000000000001,0.0,0.0,0.0,0.0,0.0,0.0,0.5397974487118196,0.6759422335902712,0.9275680542041916,0.33951656232826655,1.8708313637205303,0.6755432786463769
0.4400000000000001,0.0,0.0,0.0,0.0,0.0,0.0,0.5711628400945195,0.7000303528529658,0.9666342653986668,0.3166216731835241,1.7669917448721812,0.6185645657968893
0.46000000000000013,0.0,0.0,0.0,0.0,0.0,0.0,0.6018701910943411,0.7215024142563868,1.0047373106791637,0.26808728349148725,1.6194005236511555,0.5981510617468111
0.48000000000000015,0.0,0.0,0.0,0.0,0.0,0.0,0.6312466905696301,0.7395646293511258,1.0417909593059493,0.19672838886011826,1.4499960513390493,0.6089843112048131
0.5000000000000001,0.0,0.0,0.0,0.0,0.0,0.0,0.6594828399739245,0.7543892375448665,1.077784411509377,0.1811670631578066,1.3227723873186386,0.6092717918329995
0.5200000000000001,0.0,0.0,0.0,0.0,0.0,0.0,0.6872908627871256,0.7662023262073897,1.1127327245910938,0.19080619713335029,1.1800116962182172,0.6338606023724138
0.5400000000000001,0.0,0.0,0.0,0.0,0.0,0.0,0.7143835650596287,0.7744778576272955,1.1465676754275476,0.16172942199797768,1.01844970795186,0.6883917808455631
0.5600000000000002,0.0,0.0,0.0,0.0,0.0,0.0,0.7405564838614815,0.779424568416564,1.179255090057259,0.16346049573052052,0.9009914065651963,0.7234883606588154
0.5800000000000002,0.0,0.0,0.0,0.0,0.0,0.0,0.7664218952260587,0.7817922218110979,1.2108114962395657,0.20212235053885147,0.8057116433766845,0.749792429268917
0.6000000000000002,0.0,0.0,0.0,0.0,0.0,0.0,0.7918315689770639,0.7814446850044388,1.2411871012560123,0.1987038935945978,0.6846266886949328,0.8086859558670821
0.6200000000000002,0.0,0.0,0.0,0.0,0.0,0.0,0.8160243215429412,0.7782442792539997,1.2703146107853882,0.17212837740515874,0.5847637091054728,0.858767928952608
0.6400000000000002,0.0,0.0,0.0,0.0,0.0,0.0,0.8392384080097862,0.7728449078462898,1.298189009082238,0.19757052083974036,0.515546619736592,0.88554151848616
0.6600000000000003,0.0,0.0,0.0,0.0,0.0,0.0,0.8621074941738672,0.7652751848752783,1.3247803937503349,0.23970567971773896,0.4217864318504824,0.9436534628345057
0.6800000000000003,0.0,0.0,0.0,0.0,0.0,0.0,0.8843045519995958,0.7549644237415312,1.3500179432399984,0.24082016276864876,0.3179234259502903,1.021512882659082
0.7000000000000003,0.0,0.0,0.0,0.0,0.0,0.0,0.9057172947986704,0.7422776338067,1.3738794563337835,0.2761637081145653,0.2526042450755804,1.0618370945025597
0.7200000000000003,0.0,0.0,0.0,0.0,0.0,0.0,0.9269389579111498,0.7276798102788155,1.3963614914264868,0.33819148741821947,0.18216409267859945,1.111616569353835
0.7400000000000003,0.0,0.0,0.0,0.0,0.0,0.0,0.9477441476624376,0.7108144690627203,1.417415981941277,0.3550160535754369,0.09643368416296162,1.1853148559391935
0.7600000000000003,0.0,0.0,0.0,0.0,0.0,0.0,0.9674442475754734,0.6919589573846363,1.437017363390204,0.3500269663534766,0.04324726122950413,1.2184696608083994
0.7800000000000004,0.0,0.0,0.0,0.0,0.0,0.0,0.9862791618640528,0.6719860411846896,1.4551690246281088,0.38916805792426534,0.0069476228502591275,1.2253894011877688
0.8000000000000004,0.0,0.0,0.0,0.0,0.0,0.0,1.004454761818997,0.650825932266111,1.4718404796820952,0.40425727350969376,-0.054543296386196656,1.2658276376657045
0.8200000000000004,0.0,0.0,0.0,0.0,0.0,0.0,1.0214148187698653,0.6283135707938091,1.4869951993428463,0.3871433265588941,-0.10546316954752345,1.2878220038823667
0.8400000000000004,0.0,0.0,0.0,0.0,0.0,0.0,1.0373185888923475,0.6050964020305583,1.500628348074729,0.4146171422851271,-0.1379281812094283,1.2750191013918133
0.8600000000000004,0.0,0.0,0.0,0.0,0.0,0.0,1.0529018280862938,0.5811842662100372,1.5127228865836873,0.46752962647247875,-0.19440670837930385,1.296612644288124
0.8800000000000004,0.0,0.0,0.0,0.0,0.0,0.0,1.0679606384977656,0.5559776036363884,1.5232499156531083,0.4714769577579021,-0.2626892421826965,1.336254158679919
0.9000000000000005,0.0,0.0,0.0,0.0,0.0,0.0,1.0822258373008815,0.5297886355384259,1.5322053850340651,0.49226343588668253,-0.30845104351600006,1.3321989380927939
0.9200000000000005,0.0,0.0,0.0,0.0,0.0,0.0,1.096232094919199,0.5033222278024524,1.539593098166678,0.543301996254032,-0.34809759684646285,1.3109996827409767
0.9400000000000005,0.0,0.0,0.0,0.0,0.0,0.0,1.1098640568280234,0.4763568142221596,1.5454021968479066,0.5465178680686295,-0.4100534484284102,1.3271290578327233
0.9600000000000005,0.0,0.0,0.0,0.0,0.0,0.0,1.1224154410765466,0.4487978598689626,1.5496254324246603,0.5200464879519412,-0.4606523586809045,1.3149208045792864
0.9800000000000005,0.0,0.0,0.0,0.0,0.0,0.0,1.1340640774363742,0.42126390019885646,1.552267695703895,0.5332440328292088,-0.5020623001767147,1.2759088647999004
1.0000000000000004,0.0,0.0,0.0,0.0,0.0,0.0,1.1454231440144473,0.3935981859052106,1.553325195961036,0.560660685274367,-0.565623597118807,1.2782425935644879
1.0200000000000005,0.0,0.0,0.0,0.0,0.0,0.0,1.1562333705804142,0.3651224034275046,1.5527940386709058,0.540056557469728,-0.6403346283248279,1.3019507325750737
1.0400000000000005,0.0,0.0,0.0,0.0,0.0,0.0,1.1662925418874432,0.33609401673831363,1.5506817898667755,0.538245614331932,-0.6975292606493615,1.2819771553283885
1.0600000000000005,0.0,0.0,0.0,0.0,0.0,0.0,1.1761190857691832,0.3068229931193843,1.5469957637487228,0.5607565429528744,-0.763385802695805,1.2785453029902405
1.0800000000000005,0.0,0.0,0.0,0.0,0.0,0.0,1.1855293241701,0.27681088647091123,1.5417401543001228,0.531554904294838,-0.8429689401143883,1.3061927146093475
1.1000000000000005,0.0,0.0,0.0,0.0,0.0,0.0,1.1937816022592804,0.24619621525713845,1.5349262464206297,0.4697256442639739,-0.9068410530246793,1.2910227330167603
1.1200000000000006,0.0,0.0,0.0,0.0,0.0,0.0,1.2010491150643416,0.21573129155414672,1.5265656922540287,0.44810927563437314,-0.9623022460560262,1.2488479813560571
1.1400000000000006,0.0,0.0,0.0,0.0,0.0,0.0,1.207905110783163,0.1852631609219642,1.5166652347458596,0.4346094751379222,-1.0348242567626862,1.2484260429853955
1.1600000000000006,0.0,0.0,0.0,0.0,0.0,0.0,1.2140301645031975,0.1541883833418377,1.5052361542645973,0.3710429241645313,-1.1136270970603954,1.2636747655008125
1.1800000000000006,0.0,0.0,0.0,0.0,0.0,0.0,1.2192657090028634,0.12280135158343675,1.4922936314106574,0.3309567280836942,-1.177204726758064,1.2358930120679896
1.2000000000000006,0.0,0.0,0.0,0.0,0.0,0.0,1.224147854635111,0.09134315728762568,1.477850085692677,0.31152013322853833,-1.248259734161738,1.2290732278461718
1.2200000000000006,0.0,0.0,0.0,0.0,0.0,0.0,1.2284478581594553,0.05930380612647682,1.4619212831778634,0.23853195986717418,-1.3287573769507826,1.2504798224048306
1.2400000000000007,0.0,0.0,0.0,0.0,0.0,0.0,1.2314302786943434,0.02684559470857905,1.4445280510357936,0.13444997699077738,-1.3940460690447567,1.2281167348404651
1.2600000000000007,0.0,0.0,0.0,0.0,0.0,0.0,1.233303276569563,-0.005272839020423838,1.4256883247876089,0.07270865262821483,-1.449337456327622,1.1763043672971383
1.2800000000000007,0.0,0.0,0.0,0.0,0.0,0.0,1.2343288401415398,-0.03718639855270038,1.405419208630391,-0.013237900250254134,-1.518309245593207,1.1658415782137186
1.3000000000000007,0.0,0.0,0.0,0.0,0.0,0.0,1.2339809163987114,-0.06950598527193409,1.3837442124988284,-0.1369971977966571,-1.5921657661879605,1.1702283407523393
1.3200000000000007,0.0,0.0,0.0,0.0,0.0,0.0,1.2323952848250666,-0.10193766209919976,1.3606850690765875,-0.2193577693846983,-1.6497708657918109,1.1291339835019345
1.3400000000000007,0.0,0.0,0.0,0.0,0.0,0.0,1.2302908142281124,-0.13421932479555182,1.336260691649173,-0.2790044280235668,-1.7120992544990723,1.1073297351736602
1.3600000000000008,0.0,0.0,0.0,0.0,0.0,0.0,1.2274764249587227,-0.16685896373987646,1.3104965485142692,-0.3886472104195159,-1.7820945226853495,1.1139770481245508
1.3800000000000008,0.0,0.0,0.0,0.0,0.0,0.0,1.2233692764129562,-0.19968258150876492,1.2834229642043196,-0.5158166206467143,-1.8338413412936165,1.0738176380139763
1.4000000000000008,0.0,0.0,0.0,0.0,0.0,0.0,1.2182745019953207,-0.23191005170542034,1.255066797996025,-0.601569283932237,-1.8728528831671714,1.004111818726101
1.4200000000000008,0.0,0.0,0.0,0.0,0.0,0.0,1.2123524801590049,-0.26370155058964756,1.2254545395406768,-0.7171401861550458,-1.9247932817558402,0.9774998648433233
1.4400000000000008,0.0,0.0,0.0,0.0,0.0,0.0,1.2050832669310125,-0.29567050745753104,1.1946182659248004,-0.8610300643142853,-1.9791656125542858,0.9628142659207284
1.4600000000000009,0.0,0.0,0.0,0.0,0.0,0.0,1.1966746342255896,-0.32749141352126104,1.1625878825757048,-0.9623904253453203,-2.0135238218328344,0.9020808770759154
1.4800000000000009,0.0,0.0,0.0,0.0,0.0,0.0,1.1878409558864762,-0.3589398182674943,1.1293903778966499,-1.0384689141156742,-2.053290461389295,0.8649221724948014
1.5000000000000009,0.0,0.0,0.0,0.0,0.0,0.0,1.1784186299737642,-0.39055280701581124,1.0950575222054117,-1.1604174362512678,-2.099634999382864,0.8543426906774622
1.520000000000001,0.0,0.0,0.0,0.0,0.0,0.0,1.1681456916734778,-0.42212479048199986,1.0596277339107294,-1.2678236649427104,-2.122908924780324,0.7971297074992529
1.540000000000001,0.0,0.0,0.0,0.0,0.0,0.0,1.1575245080300425,-0.4528663138771369,1.0231370968132985,-1.341285875479241,-2.1301746662969134,0.7135461384851253
1.560000000000001,0.0,0.0,0.0,0.0,0.0,0.0,1.1464680407497534,-0.48296372137645754,0.985621343886876,-1.4567496433669507,-2.1524092344716594,0.6748331873092638
1.580000000000001,0.0,0.0,0.0,0.0,0.0,0.0,1.1343051676726212,-0.5127669066569798,0.9471204839226602,-1.598633827733414,-2.1648163684950603,0.622880146125608
1.600000000000001,0.0,0.0,0.0,0.0,0.0,0.0,1.1212216001172772,-0.5417505898051854,0.9076750848721277,-1.6954997053691745,-2.1565100914209085,0.5347859355719657
1.620000000000001,0.0,0.0,0.0,0.0,0.0,0.0,1.1078197164909875,-0.5699550284030519,0.8673166180561197,-1.7747407238747612,-2.163255006112713,0.4867995969875403
1.640000000000001,0.0,0.0,0.0,0.0,0.0,0.0,1.0938468399878334,-0.5980821258328919,0.8260778128143123,-1.8964569501898605,-2.177636917340769,0.46341884923736554
1.660000000000001,0.0,0.0,0.0,0.0,0.0,0.0,1.0791378324613867,-0.6259201583691888,0.7840047109200845,-1.9922699979873175,-2.165377687440922,0.39730957062383754
1.680000000000001,0.0,0.0,0.0,0.0,0.0,0.0,1.064217918798768,-0.6527803727682747,0.7411421860171928,-2.058162392293484,-2.139316704105362,0.3149380082637283
1.700000000000001,0.0,0.0,0.0,0.0,0.0,0.0,1.0489108199357555,-0.6789317350536824,0.6975300971238743,-2.1669111505718464,-2.1325631500405065,0.27553318082958145
1.720000000000001,0.0,0.0,0.0,0.0,0.0,0.0,1.032510359828263,-0.704627528077116,0.6532137348145541,-2.300652856593376,-2.1103565722131314,0.21659088294327355
1.740000000000001,0.0,0.0,0.0,0.0,0.0,0.0,1.0152073580393388,-0.7293108737592571,0.6082428553619155,-2.3856429324546746,-2.067534747488369,0.12924426867731248
1.7600000000000011,0.0,0.0,0.0,0.0,0.0,0.0,0.9972914938110601,-0.753111325411345,0.5626522971554656,-2.4845014320171335,-2.0463951295554352,0.08266913746587753
1.7800000000000011,0.0,0.0,0.0,0.0,0.0,0.0,0.9782773325607309,-0.7767923305387884,0.5164777441627266,-2.614510151512366,-2.037919710702124,0.0609127608376968
1.8000000000000012,0.0,0.0,0.0,0.0,0.0,0.0,0.9582811134846397,-0.8001728219245344,0.4697660103096331,-2.698843886934414,-1.999166209182143,-0.00011742377188410369
1.8200000000000012,0.0,0.0,0.0,0.0,0.0,0.0,0.937991734127089,-0.8225854560966993,0.4225652054462415,-2.753990152976993,-1.9466545585030568,-0.07400935612983583
1.8400000000000012,0.0,0.0,0.0,0.0,0.0,0.0,0.9172404672401953,-0.8442976687113526,0.3749196923647914,-2.848275201770331,-1.9183134603789211,-0.10928441010803688
1.8600000000000012,0.0,0.0,0.0,0.0,0.0,0.0,0.8954610958408814,-0.8655553773250023,0.3268788785886597,-2.954807412100468,-1.8737347778028264,-0.16052405003724954
1.8800000000000012,0.0,0.0,0.0,0.0,0.0,0.0,0.8729308650479115,-0.885808619717818,0.27849608691365857,-3.014596378839361,-1.8054565216595846,-0.23673472531775985
1.9000000000000012,0.0,0.0,0.0,0.0,0.0,0.0,0.8498322403224584,-0.9051641050520863,0.22981082171697398,-3.0954270362910794,-1.7639473711320346,-0.2766407824537343
1.9200000000000013,0.0,0.0,0.0,0.0,0.0,0.0,0.8256677875115097,-0.9243709551392327,0.18086425526622332,-3.1995611580510035,-1.7397999931754689,-0.2933139482287634
1.9400000000000013,0.0,0.0,0.0,0.0,0.0,0.0,0.8006382439974228,-0.943259678298921,0.13170439393194167,-3.25565206216474,-1.6814718741199173,-0.3432362587927971
1.9600000000000013,0.0,0.0,0.0,0.0,0.0,0.0,0.7754600870874885,-0.9611578708380549,0.0823791453586672,-3.2811387027815018,-1.6075418386453146,-0.4043833631836365
1.9800000000000013,0.0,0.0,0.0,0.0,0.0,0.0,0.7499773093849794,-0.9783219316730042,0.03293714293788851,-3.3448584365704237,-1.5646881032982192,-0.43071800748217753
2.0000000000000013,0.0,0.0,0.0,0.0,0.0,0.0,0.7239390734511595,-0.9950186376812231,-0.01657055221044333,-3.389041652393338,-1.5058827953079346,-0.46841617763133364
2.0200000000000014,0.0,0.0,0.0,0.0,0.0,0.0,0.697869357915711,-1.0107067114842723,-0.06609606160864738,-3.3933878254736314,-1.4201017431794523,-0.5258955780916286
2.0400000000000014,0.0,0.0,0.0,0.0,0.0,0.0,0.6717169872813546,-1.0255050668319448,-0.11559029988028338,-3.434415176901523,-1.369208311630271,-0.5501953394825448
2.0600000000000014,0.0,0.0,0.0,0.0,0.0,0.0,0.6448257040714208,-1.0401683889021274,-0.1649996674942025,-3.497614209110854,-1.3395125628123101,-0.5551568235462994
2.0800000000000014,0.0,0.0,0.0,0.0,0.0,0.0,0.6174054251634608,-1.0544983802136183,-0.21427637555414447,-3.512356884028715,-1.2703109822755236,-0.5875158165688269
2.1000000000000014,0.0,0.0,0.0,0.0,0.0,0.0,0.5900510473031436,-1.0678424445359693,-0.26337699686385274,-3.509387197840057,-1.1873828100550015,-0.6262039485412019
2.1200000000000014,0.0,0.0,0.0,0.0,0.0,0.0,0.5624928006938903,-1.080494147770778,-0.31224822101671534,-3.5430901294462007,-1.1421875032478241,-0.6365284264406428
2.1400000000000015,0.0,0.0,0.0,0.0,0.0,0.0,0.5346324881573502,-1.0926396633533604,-0.36083736810343553,-3.543292336069237,-1.073295054346626,-0.6596822181513974
2.1600000000000015,0.0,0.0,0.0,0.0,0.0,0.0,0.5070345121066152,-1.103703539927388,-0.4091034580642907,-3.5141551009445777,-0.9790683122898552,-0.6949010003434632
2.1800000000000015,0.0,0.0,0.0,0.0,0.0,0.0,0.4795192315129106,-1.1138732690226631,-0.4569937764954908,-3.5242592636166297,-0.9274031607238784,-0.7033958240092966
2.2000000000000015,0.0,0.0,0.0,0.0,0.0,0.0,0.45140548927205687,-1.1239051204629251,-0.5044460204508309,-3.555832978453397,-0.8993454784864714,-0.6978983914242296
2.2200000000000015,0.0,0.0,0.0,0.0,0.0,0.0,0.4229028100727072,-1.1335793266027876,-0.5514156698276914,-3.5399028737930025,-0.8275767605527555,-0.7123839821894278
2.2400000000000015,0.0,0.0,0.0,0.0,0.0,0.0,0.3942534087672885,-1.1425567322199943,-0.5978647108654778,-3.5417352328594447,-0.7701380317573951,-0.7180210977356629
2.2600000000000016,0.0,0.0,0.0,0.0,0.0,0.0,0.364920553426409,-1.1513549944037338,-0.6437323178127106,-3.572292953026805,-0.7463534540367833,-0.7079694221534722
2.2800000000000016,0.0,0.0,0.0,0.0,0.0,0.0,0.3350402668990208,-1.1598804791323258,-0.6889725700893039,-3.555375614750022,-0.6801830566832807,-0.7133771804270238
2.3000000000000016,0.0,0.0,0.0,0.0,0.0,0.0,0.30535405474825833,-1.1673993404111331,-0.7335624737500515,-3.507730373217134,-0.5891185345148878,-0.7252411942687855
2.3200000000000016,0.0,0.0,0.0,0.0,0.0,0.0,0.27569884995598143,-1.174104267962854,-0.7774489330847302,-3.4998400787990755,-0.5430960727453483,-0.7199746092962609
2.3400000000000016,0.0,0.0,0.0,0.0,0.0,0.0,0.245443522410162,-1.1806095887193595,-0.8205598863802879,-3.507290497141633,-0.5115949615695434,-0.7092189773497449
2.3600000000000017,0.0,0.0,0.0,0.0,0.0,0.0,0.21486543262556318,-1.1866083724162968,-0.8628594770946618,-3.4673216254388204,-0.4369435869580163,-0.7084026965880447
2.3800000000000017,0.0,0.0,0.0,0.0,0.0,0.0,0.18421284314591424,-1.1919169360087833,-0.9043181994463279,-3.4456322955352445,-0.3896505756566612,-0.6991333113517466
2.4000000000000017,0.0,0.0,0.0,0.0,0.0,0.0,0.15294971840245591,-1.1970804118764242,-0.9448681306785487,-3.451848500174859,-0.36980761112121807,-0.6832112856034317
2.4200000000000017,0.0,0.0,0.0,0.0,0.0,0.0,0.12124482766029263,-1.20191332855923,-0.9844702428927458,-3.4089513026550344,-0.30561678716305435,-0.6736432307205612
2.4400000000000017,0.0,0.0,0.0,0.0,0.0,0.0,0.08989125378292986,-1.205675375079686,-1.023118222010268,-3.3338377001338517,-0.2148988730374119,-0.6649923832846317
2.4600000000000017,0.0,0.0,0.0,0.0,0.0,0.0,0.058722594185977334,-1.208531385032776,-1.0607610410902568,-3.301048835763617,-0.16972318408170414,-0.6488747323315521
2.4800000000000018,0.0,0.0,0.0,0.0,0.0,0.0,0.027127957398473616,-1.2107603232397384,-1.0973305034167882,-3.279417353235352,-0.1088349442818187,-0.6320737739807746
2.5000000000000018,0.0,0.0,0.0,0.0,0.0,0.0,-0.0045536385489717,-1.2118407993621647,-1.1328097254625684,-3.209875652435713,-0.013751872487305541,-0.6139487198821316
2.520000000000002,0.0,0.0,0.0,0.0,0.0,0.0,-0.036135207376077554,-1.2118453413349464,-1.1671626316020107,-3.1646270682378947,0.03736165539893933,-0.5922253225994232
2.540000000000002,0.0,0.0,0.0,0.0,0.0,0.0,-0.06818505556984363,-1.211456470856828,-1.2003144487852144,-3.1440120409850882,0.06174001624467518,-0.5692595384676336
2.560000000000002,0.0,0.0,0.0,0.0,0.0,0.0,-0.10047936816288786,-1.2104906792125207,-1.2322367343338594,-3.0732588436920127,0.12858922462051012,-0.5420552196304532
2.580000000000002,0.0,0.0,0.0,0.0,0.0,0.0,-0.13222296770170938,-1.2083238592436354,-1.2629297911380404,-2.9722396852919295,0.21194033531325868,-0.509921144702408
2.600000000000002,0.0,0.0,0.0,0.0,0.0,0.0,-0.1636208152353815,-1.205207339480548,-1.2923489510531343,-2.916736946688066,0.2501101952089218,-0.47986897661447503
2.620000000000002,0.0,0.0,0.0,0.0,0.0,0.0,-0.19493691945468122,-1.2013371317621524,-1.320444209103033,-2.8368825475732646,0.3100356614567652,-0.4438887579627718
2.640000000000002,0.0,0.0,0.0,0.0,0.0,0.0,-0.22558324157563442,-1.1961838657939914,-1.3472101407190284,-2.721406111797451,0.3961868303759115,-0.39928042608862147
2.660000000000002,0.0,0.0,0.0,0.0,0.0,0.0,-0.25568714647181506,-1.1899139820547995,-1.3726166336273347,-2.650646309375995,0.43540541750129425,-0.36100733559395376
2.680000000000002,0.0,0.0,0.0,0.0,0.0,0.0,-0.28598214163702906,-1.1832515213074006,-1.3966101580757049,-2.603384969686187,0.44662946385254565,-0.3272355857440959
2.700000000000002,0.0,0.0,0.0,0.0,0.0,0.0,-0.31625178054289305,-1.1760207682957287,-1.4191764341553177,-2.5099537297989136,0.49830670031177193,-0.2794603192537846
2.720000000000002,0.0,0.0,0.0,0.0,0.0,0.0,-0.3458299859427653,-1.1676685313634505,-1.440321791340626,-2.396595971977551,0.5576934591115217,-0.225259048403015
2.740000000000002,0.0,0.0,0.0,0.0,0.0,0.0,-0.37499196929413503,-1.1585103870252758,-1.4600195806998144,-2.328107545025181,0.5741089139613966,-0.18242320482828553
2.760000000000002,0.0,0.0,0.0,0.0,0.0,0.0,-0.40394664683810994,-1.1486645751547215,-1.4782459108797936,-2.2339171998533662,0.6163640488151095,-0.12652449066200283
2.780000000000002,0.0,0.0,0.0,0.0,0.0,0.0,-0.4321249592049444,-1.137590408086372,-1.4950057947300235,-2.1093091611040307,0.6769405161434745,-0.05850773628363562
2.800000000000002,0.0,0.0,0.0,0.0,0.0,0.0,-0.4596835129131552,-1.1255186669484867,-1.5102819877259384,-2.0294153081062904,0.6917197709243541,-0.00672965598416423
2.820000000000002,0.0,0.0,0.0,0.0,0.0,0.0,-0.4873494818468307,-1.1131443093694813,-1.5240446863315238,-1.9757632627992487,0.6828815830570796,0.03668149664345302
2.840000000000002,0.0,0.0,0.0,0.0,0.0,0.0,-0.5149373320627488,-1.1002527380785034,-1.5362917229282016,-1.8785209775794525,0.7103412487922607,0.1022517433709858
2.860000000000002,0.0,0.0,0.0,0.0,0.0,0.0,-0.541805834012525,-1.0866481107588768,-1.5470240774516155,-1.7619076528265243,0.7125606630228875,0.15803707892488242
2.880000000000002,0.0,0.0,0.0,0.0,0.0,0.0,-0.5682140865899782,-1.072886807057265,-1.5562176735081308,-1.6898570212126727,0.6850650534257005,0.19868214177267932
2.900000000000002,0.0,0.0,0.0,0.0,0.0,0.0,-0.5943500168088405,-1.0588261116243098,-1.5638762387385294,-1.5943451967105458,0.6928489768422812,0.26399629603701774
2.920000000000002,0.0,0.0,0.0,0.0,0.0,0.0,-0.6196543220600214,-1.0437506616983825,-1.570019019762006,-1.4697479415208172,0.7185490025896375,0.34584589328528087
2.940000000000002,0.0,0.0,0.0,0.0,0.0,0.0,-0.6442908680540074,-1.0278513093741328,-1.57463802306532,-1.3915475850239196,0.7029437014461538,0.4034859746124839
2.960000000000002,0.0,0.0,0.0,0.0,0.0,0.0,-0.6689798544454871,-1.0117044104017423,-1.5777139519336052,-1.339639169572123,0.6738874445418137,0.45464722208185954
2.980000000000002,0.0,0.0,0.0,0.0,0.0,0.0,-0.6935070411339048,-0.9950112763082777,-1.5792513852195145,-1.243092544187058,0.6742308862531708,0.5326434611506123
3.000000000000002,0.0,0.0,0.0,0.0,0.0,0.0,-0.7172603710921348,-0.9776505670553542,-1.5792529297421327,-1.1326594312337452,0.6471802847709771,0.5929697975496638
3.0200000000000022,0.0,0.0,0.0,0.0,0.0,0.0,-0.7405376166869416,-0.9601713533001496,-1.5777005528634271,-1.0672802429333936,0.5978091482375187,0.6367551166360803
3.0400000000000023,0.0,0.0,0.0,0.0,0.0,0.0,-0.763460787097835,-0.9423834660557066,-1.5746022187629243,-0.973076111084568,0.5779301476941989,0.7098344638662977
3.0600000000000023,0.0,0.0,0.0,0.0,0.0,0.0,-0.7854340195787012,-0.9235892319277266,-1.5693620305042855,-0.8037471085990653,0.5466243673099105,0.8277170116789613
3.0800000000000023,0.0,0.0,0.0,0.0,0.0,0.0,-0.8066635943227513,-0.9039768918328964,-1.5621299016258035,-0.7467145781554901,0.5094292360947095,0.8827607445011953
3.1000000000000023,0.0,0.0,0.0,0.0,0.0,0.0,-0.8279065333206664,-0.8838187750990515,-1.55412054900677,-0.7533016934881679,0.5036850398117162,0.930576814075442
3.1200000000000023,0.0,0.0,0.0,0.0,0.0,0.0,-0.8489069309821476,-0.8625917645496677,-1.5452568961521351,-0.6677257434770983,0.4918110267568201,1.0286156076566715
3.1400000000000023,0.0,0.0,0.0,0.0,0.0,0.0,-0.8693274765091493,-0.8403887226325384,-1.5346490344187038,-0.5765533409962833,0.4287090405354562,1.109188233499634
3.1600000000000024,0.0,0.0,0.0,0.0,0.0,0.0,-0.8897089479706937,-0.8179408196110882,-1.5224694311134142,-0.563505354674878,0.368427938781196,1.1446562826612785
3.1800000000000024,0.0,0.0,0.0,0.0,0.0,0.0,-0.9099632758372682,-0.795104786382191,-1.509465242850882,-0.5232246423041627,0.34631482019827564,1.203399378132345
3.2000000000000024,0.0,0.0,0.0,0.0,0.0,0.0,-0.9293022506650463,-0.7712290691700333,-1.4953217573283468,-0.4129856279630754,0.30326115164030837,1.3031396794727792
3.2200000000000024,0.0,0.0,0.0,0.0,0.0,0.0,-0.9478558242636383,-0.7465621973203188,-1.4793130948313487,-0.3408313545939925,0.2171460811183077,1.373097948828799
3.2400000000000024,0.0,0.0,0.0,0.0,0.0,0.0,-0.9663272670242697,-0.7217435344570476,-1.4617599969386676,-0.33023796614544254,0.14673410810005755,1.4062263755587785
3.2600000000000025,0.0,0.0,0.0,0.0,0.0,0.0,-0.9844688558901311,-0.696525985659153,-1.442887271703272,-0.2549428072054862,0.08153890156000378,1.4847652738237356
3.2800000000000025,0.0,0.0,0.0,0.0,0.0,0.0,-1.0015166021476576,-0.6707737870060471,-1.4221469175065935,-0.1397731068132395,-0.022021707723621636,1.5504831734973936
3.3000000000000025,0.0,0.0,0.0,0.0,0.0,0.0,-1.0177050035673074,-0.6450710673385205,-1.3997663746723232,-0.1104193614278412,-0.1094345835980589,1.5678862070851391
3.3200000000000025,0.0,0.0,0.0,0.0,0.0,0.0,-1.033373559507036,-0.619270185980876,-1.3764949581339836,-0.08115872010479558,-0.15770995869871013,1.611628512886611
3.3400000000000025,0.0,0.0,0.0,0.0,0.0,0.0,-1.0479651699345178,-0.5926643881735703,-1.3520716618111412,0.013240109985930282,-0.22902149596906274,1.698619091308928
3.3600000000000025,0.0,0.0,0.0,0.0,0.0,0.0,-1.0615497274687122,-0.5654513925740762,-1.3262492351314716,0.04160222011103348,-0.3080904910240544,1.7346146680833197
3.3800000000000026,0.0,0.0,0.0,0.0,0.0,0.0,-1.07491001536138,-0.5382768410168648,-1.2995837892293494,0.020570231216689314,-0.3729714935021169,1.740456287064667
3.4000000000000026,0.0,0.0,0.0,0.0,0.0,0.0,-1.0878327116303645,-0.5108839273739691,-1.2718865712663363,0.07467059374640143,-0.45516212820490054,1.8040262184920821
3.4200000000000026,0.0,0.0,0.0,0.0,0.0,0.0,-1.0995708840925384,-0.48308932601054383,-1.2424610055344918,0.1547184139315736,-0.5663028512054151,1.8525328309183962
3.4400000000000026,0.0,0.0,0.0,0.0,0.0,0.0,-1.1104250854926554,-0.4554570089302453,-1.2116254264140696,0.15452068922816048,-0.6499493957079907,1.8513943477689936
3.4600000000000026,0.0,0.0,0.0,0.0,0.0,0.0,-1.1207342762251153,-0.42785387961463833,-1.1796329387928264,0.1823899872800256,-0.7342576832369624,1.8991942077328572
3.4800000000000026,0.0,0.0,0.0,0.0,0.0,0.0,-1.1299179691912533,-0.39956235452222144,-1.1459616269955468,0.2533729985354835,-0.8289193777146956,1.9819223007179219
3.5000000000000027,0.0,0.0,0.0,0.0,0.0,0.0,-1.138101338619387,-0.370768696028155,-1.1108846942495307,0.24644916746573492,-0.8986645699731312,2.002087848715289
3.5200000000000027,0.0,0.0,0.0,0.0,0.0,0.0,-1.1461014827146532,-0.3421065669599319,-1.0751456709930116,0.2007684709755773,-0.9562555750903092,1.9969299656263038
3.5400000000000027,0.0,0.0,0.0,0.0,0.0,0.0,-1.1536770403656251,-0.31332411117531556,-1.0384769504398668,0.2224360201670233,-1.0365341545690305,2.048302393028237
3.5600000000000027,0.0,0.0,0.0,0.0,0.0,0.0,-1.16016558834553,-0.28425944013591087,-1.0007159363036735,0.24049569450571168,-1.0988791119597638,2.063777619272221
3.5800000000000027,0.0,0.0,0.0,0.0,0.0,0.0,-1.1659507035810317,-0.2554731342148169,-0.9624608434211823,0.20087458432391725,-1.1446670067162077,2.0408086554638216
3.6000000000000028,0.0,0.0,0.0,0.0,0.0,0.0,-1.1711604981125714,-0.2268092350628815,-0.9234945391460045,0.20909298435247894,-1.2152253435163496,2.077829614395234
3.6200000000000028,0.0,0.0,0.0,0.0,0.0,0.0,-1.17515399694614,-0.19756396431705872,-0.8831314735514151,0.24221649615067042,-1.2903248518742643,2.146065221045176
3.640000000000003,0.0,0.0,0.0,0.0,0.0,0.0,-1.178194183498208,-0.16794421115739933,-0.8417176870865903,0.20657533377983753,-1.3327220317634314,2.1524693623539024
3.660000000000003,0.0,0.0,0.0,0.0,0.0,0.0,-1.181059480249894,-0.13829102486709346,-0.7994944034577082,0.15123993075473818,-1.394622102773238,2.1797953948628335
3.680000000000003,0.0,0.0,0.0,0.0,0.0,0.0,-1.1834431518727364,-0.10813323829721015,-0.7559276209652468,0.14653425814971496,-1.464450323620399,2.248818642399687
3.700000000000003,0.0,0.0,0.0,0.0,0.0,0.0,-1.185112590045227,-0.07754944993708775,-0.7113417021869249,0.10003497433015082,-1.4948333757986074,2.257266163574078
3.720000000000003,0.0,0.0,0.0,0.0,0.0,0.0,-1.1867045010676847,-0.047230178784471694,-0.6665118593302739,0.020150995493698573,-1.5140608509423912,2.23273827103582
3.740000000000003,0.0,0.0,0.0,0.0,0.0,0.0,-1.1879949343184422,-0.01700901631943523,-0.6211443596061981,-0.003124872381230454,-1.5607402260857663,2.2660136354887896
3.760000000000003,0.0,0.0,0.0,0.0,0.0,0.0,-1.1881721107306584,0.013664936202074665,-0.5751038145041303,-0.006558193768039766,-1.5651110887742425,2.2983687418595444
3.780000000000003,0.0,0.0,0.0,0.0,0.0,0.0,-1.1875056129535988,0.044491716569332124,-0.5290368060446348,-0.06087627142203371,-1.5545612413686045,2.2815004469433124
3.800000000000003,0.0,0.0,0.0,0.0,0.0,0.0,-1.1862941590037277,0.07532794065976083,-0.48269408003288955,-0.09518218399735565,-1.5801161405118735,2.309977851453145
3.820000000000003,0.0,0.0,0.0,0.0,0.0,0.0,-1.1839217743189336,0.10667968371798858,-0.43536368069884823,-0.0971982429518609,-1.6080540085301571,2.367579234258881
3.840000000000003,0.0,0.0,0.0,0.0,0.0,0.0,-1.1805174213270435,0.13832336434330397,-0.38743736292680103,-0.14812601539190073,-1.5955553561720515,2.3628555404731215
3.860000000000003,0.0,0.0,0.0,0.0,0.0,0.0,-1.1768687176514503,0.16955490751728047,-0.3391770576244205,-0.22724264760322416,-1.6183583616900792,2.3455737542916726
3.880000000000003,0.0,0.0,0.0,0.0,0.0,0.0,-1.1726956638671127,0.2005430721002352,-0.29002207697914584,-0.25967818023093237,-1.644362780143846,2.3767945957796894
3.900000000000003,0.0,0.0,0.0,0.0,0.0,0.0,-1.1676656458342538,0.23146848551798607,-0.2403388816246306,-0.30246405854225705,-1.6186061357051038,2.363163581905681
3.920000000000003,0.0,0.0,0.0,0.0,0.0,0.0,-1.1623786321254466,0.2617785439308196,-0.19095913046090024,-0.3750041099071328,-1.5849707135383269,2.3118391920341255
3.940000000000003,0.0,0.0,0.0,0.0,0.0,0.0,-1.1567074223498157,0.2915837973104793,-0.14155312592475436,-0.40756133852344356,-1.5803595074068884,2.3197677977256452
3.960000000000003,0.0,0.0,0.0,0.0,0.0,0.0,-1.1498649722368721,0.32154892399345186,-0.09195792505528791,-0.40496581923851716,-1.5272053960922685,2.3361320342105842
3.980000000000003,0.0,0.0,0.0,0.0,0.0,0.0,-1.142114998326027,0.35148012061665923,-0.04286104036478753,-0.4417647585911197,-1.4619274487252212,2.300735979902088
4.000000000000003,0.0,0.0,0.0,0.0,0.0,0.0,-1.1340749023884873,0.38077611846602694,0.005999747325749816,-0.5039387676871268,-1.451644388112986,2.2717455413777166
4.020000000000002,0.0,0.0,0.0,0.0,0.0,0.0,-1.1253629708508777,0.4096787569551255,0.055385311649488754,-0.5264100350483821,-1.4365003778000727,2.2873184742636923
4.040000000000002,0.0,0.0,0.0,0.0,0.0,0.0,-1.1158780536539517,0.4383351059521396,0.10487961077229861,-0.561914421236306,-1.3785781746717487,2.2554913456009382
4.060000000000001,0.0,0.0,0.0,0.0,0.0,0.0,-1.106246266993966,0.46621082598438546,0.15417020891957667,-0.6296000425947095,-1.3578564111282196,2.209690472438024
4.080000000000001,0.0,0.0,0.0,0.0,0.0,0.0,-1.0962044825166197,0.49345733776469325,0.20384706840598765,-0.659694609940615,-1.339309850584175,2.2137654194657066
4.1000000000000005,0.0,0.0,0.0,0.0,0.0,0.0,-1.0850498488416938,0.5207652565010706,0.25356996311387403,-0.6399498389073383,-1.254685396637537,2.2155940823646287
4.12,0.0,0.0,0.0,0.0,0.0,0.0,-1.0730621329443781,0.5479598326930365,0.30245691188054985,-0.6517257266380319,-1.170160292337936,2.167856254185336
4.14,0.0,0.0,0.0,0.0,0.0,0.0,-1.060422031301793,0.5744568845575018,0.3508273041744821,-0.6591795539313832,-1.1360532422266725,2.129794374690335
4.159999999999999,0.0,0.0,0.0,0.0,0.0,0.0,-1.04652747656513,0.6005233285721199,0.39892859395890623,-0.6179457053356098,-1.0548810855336503,2.115327169021881
4.179999999999999,0.0,0.0,0.0,0.0,0.0,0.0,-1.0315848410146695,0.6263072017426237,0.4460844335641005,-0.603061050864918,-0.9614136184461823,2.0618113807177005
4.199999999999998,0.0,0.0,0.0,0.0,0.0,0.0,-1.0163543462044016,0.6512582189574018,0.4925104353942298,-0.6425158611176287,-0.9249290646414894,2.007295019977418
4.219999999999998,0.0,0.0,0.0,0.0,0.0,0.0,-1.00060470126313,0.6755409875205355,0.5389962297674641,-0.6454652426495372,-0.8793704542628752,1.9994832042479387
4.2399999999999975,0.0,0.0,0.0,0.0,0.0,0.0,-0.9840932302903626,0.6998716951994322,0.5851563888822753,-0.6338551625614277,-0.7772439986517072,1.9875835422740913
4.259999999999997,0.0,0.0,0.0,0.0,0.0,0.0,-0.9674171978248376,0.7240621770301645,0.6306247107353434,-0.6695788109923774,-0.7175543224656937,1.9450737722816964
4.279999999999997,0.0,0.0,0.0,0.0,0.0,0.0,-0.9504614818394761,0.7474899032698803,0.6759565355858015,-0.6778396058551712,-0.687710839363332,1.9026089016845844
4.299999999999996,0.0,0.0,0.0,0.0,0.0,0.0,-0.9324967637545813,0.7704364724602595,0.7208651837386344,-0.6166325901692348,-0.5960067978281401,1.8699858507356435
4.319999999999996,0.0,0.0,0.0,0.0,0.0,0.0,-0.9137446135368067,0.7930673510055125,0.7645036630785315,-0.5831289611474195,-0.5084133584872571,1.803060362993307
4.339999999999995,0.0,0.0,0.0,0.0,0.0,0.0,-0.8948546084466671,0.814811577952061,0.8071808068019368,-0.6014950447427196,-0.474790424613694,1.7365598635009247
4.359999999999995,0.0,0.0,0.0,0.0,0.0,0.0,-0.8755238467008646,0.835834131727147,0.8491423887147831,-0.5490341188745195,-0.3974591517025057,1.6925648065279162
4.379999999999995,0.0,0.0,0.0,0.0,0.0,0.0,-0.8556020103395449,0.8568754412862309,0.8897465875592434,-0.4998583744699953,-0.28780715864790624,1.653776406944259
4.399999999999994,0.0,0.0,0.0,0.0,0.0,0.0,-0.8356494936986504,0.8777245850284806,0.929222321965832,-0.5155558347149559,-0.24050573098346822,1.6001131251234104
4.419999999999994,0.0,0.0,0.0,0.0,0.0,0.0,-0.815438160988921,0.8977716267529118,0.968305680373719,-0.4951326372679391,-0.2129066539040575,1.5458332908808643
4.439999999999993,0.0,0.0,0.0,0.0,0.0,0.0,-0.7942466108584895,0.9173294175955824,1.006617320335958,-0.4049835802674356,-0.13143462064900002,1.4987290672765985
4.459999999999993,0.0,0.0,0.0,0.0,0.0,0.0,-0.7723138872246705,0.9365034782852282,1.043882476665963,-0.3823659198359292,-0.08841658627035115,1.4392176426933005
4.479999999999992,0.0,0.0,0.0,0.0,0.0,0.0,-0.7498689187101105,0.9546912673647335,1.0806540620610265,-0.3549945711849135,-0.07897367579507372,1.3733213517441323
4.499999999999992,0.0,0.0,0.0,0.0,0.0,0.0,-0.7263613600995319,0.9720957927861816,1.11661006062788,-0.24698618741491984,-0.014532101510171355,1.3157374867939122
4.519999999999992,0.0,0.0,0.0,0.0,0.0,0.0,-0.7019576324454887,0.9894331224423708,1.1509569353871703,-0.1668113112816006,0.07277510417217123,1.2637857307012939
4.539999999999991,0.0,0.0,0.0,0.0,0.0,0.0,-0.6774052734832662,1.0064613206260289,1.1840165028616547,-0.15627423368091778,0.10058056135275957,1.2019633704011592
4.559999999999991,0.0,0.0,0.0,0.0,0.0,0.0,-0.6525213263165456,1.022901376256538,1.2159590317331175,-0.06840472835054848,0.15256761893537582,1.1393268604139208
4.57999999999999,0.0,0.0,0.0,0.0,0.0,0.0,-0.6267529827992017,1.039295289389223,1.2461683028144719,0.05354144310362362,0.23590840866309515,1.0847107885212652
4.59999999999999,0.0,0.0,0.0,0.0,0.0,0.0,-0.6004444384502148,1.0555059053299578,1.2749212275041122,0.08689118825090253,0.26174981909964773,1.0236377645493178
4.6199999999999894,0.0,0.0,0.0,0.0,0.0,0.0,-0.5737373349764482,1.070771691843108,1.3028847597284896,0.14008480920532515,0.2560294139400051,0.9537530067530174
4.639999999999989,0.0,0.0,0.0,0.0,0.0,0.0,-0.5460891035655145,1.085255179407175,1.3296869147248378,0.2633326592688676,0.2975072377280499,0.8898564623629317
4.659999999999989,0.0,0.0,0.0,0.0,0.0,0.0,-0.5176957462138663,1.09956464131177,1.355189441681756,0.3119985743046441,0.34013569215481576,0.8476444487823198
4.679999999999988,0.0,0.0,0.0,0.0,0.0,0.0,-0.48928971205221344,1.1134014326870563,1.3799480203558045,0.3148981507873653,0.3367007369383456,0.791059452009865
4.699999999999988,0.0,0.0,0.0,0.0,0.0,0.0,-0.4607403420631492,1.1265625064345648,1.403569577978781,0.41387077194417526,0.3627393263836742,0.7261703835149421
4.719999999999987,0.0,0.0,0.0,0.0,0.0,0.0,-0.43146645607417733,1.1395753074800743,1.4254181582092755,0.5346268110089192,0.41133188475917637,0.6708264954413109
4.739999999999987,0.0,0.0,0.0,0.0,0.0,0.0,-0.40177060547471355,1.1522326814246853,1.445871337314217,0.5715597531447045,0.4046900290758789,0.6124489681285784
4.7599999999999865,0.0,0.0,0.0,0.0,0.0,0.0,-0.37189118546343075,1.1637682564937235,1.464896262961627,0.6737639606973393,0.37533949679549883,0.5297787418324141
4.779999999999986,0.0,0.0,0.0,0.0,0.0,0.0,-0.3413022823872073,1.174365471493638,1.4818720125953448,0.8227051439775218,0.3856285103375306,0.46235235718775347
4.799999999999986,0.0,0.0,0.0,0.0,0.0,0.0,-0.3101172103248258,1.1842661258600389,1.4972164811358961,0.8774888293189077,0.36474289871186066,0.40929560561607337
4.819999999999985,0.0,0.0,0.0,0.0,0.0,0.0,-0.2791579605826009,1.192905331814789,1.5110774980276707,0.9324365955369255,0.31142260785452286,0.3365353415963248
4.839999999999985,0.0,0.0,0.0,0.0,0.0,0.0,-0.2483101364501003,1.2003947640706283,1.5228676235738834,1.0549010661612694,0.2988968183908511,0.27490519743378494
4.859999999999984,0.0,0.0,0.0,0.0,0.0,0.0,-0.2169111887373153,1.207433342586249,1.533018231130857,1.1374664578346338,0.3018317458360072,0.2417433622806121
4.879999999999984,0.0,0.0,0.0,0.0,0.0,0.0,-0.1852886337941066,1.2138019863689309,1.5418142050067773,1.2016612825461022,0.25991435804085794,0.18948051904573013
4.8999999999999835,0.0,0.0,0.0,0.0,0.0,0.0,-0.15374156678757148,1.2189148173793907,1.5486279630830382,1.3140133601249822,0.20370961334707602,0.13022031192515293
4.919999999999983,0.0,0.0,0.0,0.0,0.0,0.0,-0.12168789804659974,1.2230744511824878,1.5538295286660024,1.4026546453046962,0.1836326274279701,0.10362480304217933
4.939999999999983,0.0,0.0,0.0,0.0,0.0,0.0,-0.08922941255664599,1.2263975186521363,1.5582640101603278,1.426035067347728,0.13083886330945613,0.0812105576269829
4.959999999999982,0.0,0.0,0.0,0.0,0.0,0.0,-0.05723565874657809,1.2283334779644717,1.5614644797258184,1.4719685454381881,0.05403769753712688,0.040837064726927864
4.979999999999982,0.0,0.0,0.0,0.0,0.0,0.0,-0.025541376718840228,1.2290979129542374,1.563215329278629,1.5324757987279878,0.019747093802735226,0.02119689049388321
4.999999999999981,0.0,0.0,0.0,0.0,0.0,0.0,0.006285897860830683,1.2293808615213118,1.5642072049049145,1.5567752329885964,0.008147681811183215,0.012363049691927256
5.019999999999981,0.0,0.0,0.0,0.0,0.0,0.0,0.037710406761530514,1.2289856609424916,1.5640507821292415,1.600375772613299,-0.04802755273759829,-0.016428649979183807
5.0399999999999805,0.0,0.0,0.0,0.0,0.0,0.0,0.06872840846874488,1.227714969227493,1.5618793244665061,1.7058638331867355,-0.08307467018158878,-0.04944421319934767
5.05999999999998,0.0,0.0,0.0,0.0,0.0,0.0,0.10008610961144253,1.2261178022788686,1.5581027615313292,1.7853801658902955,-0.08697792561514021,-0.0639608875792129
5.07999999999998,0.0,0.0,0.0,0.0,0.0,0.0,0.13158293181910735,1.2240572406897394,1.5529196425243692,1.8518778402423646,-0.13823381965623263,-0.08639751339877527
5.099999999999979,0.0,0.0,0.0,0.0,0.0,0.0,0.16243750631061965,1.2208316806985582,1.545629206897871,1.9187486604820292,-0.21756750502283206,-0.11207052751382436
5.119999999999979,0.0,0.0,0.0,0.0,0.0,0.0,0.19288844472771394,1.2166380223856756,1.5365759078817744,1.9760809048456074,-0.2504813932298623,-0.12093139488298045
5.139999999999978,0.0,0.0,0.0,0.0,0.0,0.0,0.22357238107257507,1.212058318837448,1.5265647206314243,2.03044409311842,-0.26989512384708053,-0.1261169749430761
5.159999999999978,0.0,0.0,0.0,0.0,0.0,0.0,0.25415150297866945,1.2067988228336883,1.5151825784494208,2.0920846077296282,-0.3365016336923481,-0.14005788875687492
5.1799999999999775,0.0,0.0,0.0,0.0,0.0,0.0,0.2844775174392885,1.2007325889896987,1.5022219381214001,2.1501855526138374,-0.37210455257726205,-0.1466961977533706
5.199999999999977,0.0,0.0,0.0,0.0,0.0,0.0,0.31514197992299114,1.1944067648265355,1.488350140684516,2.2078734396183157,-0.38172060179669826,-0.14973833045695153
5.219999999999977,0.0,0.0,0.0,0.0,0.0,0.0,0.3459100607831458,1.18760501588359,1.473264447615564,2.269919140726005,-0.44326556357688396,-0.15816184363779917
5.239999999999976,0.0,0.0,0.0,0.0,0.0,0.0,0.3760066190722785,1.1796314929090415,1.4561536093820624,2.3240809856662645,-0.5309526634210034,-0.1641163364645306
5.259999999999976,0.0,0.0,0.0,0.0,0.0,0.0,0.40564004535187814,1.1707058986286507,1.4373874352049036,2.3708555684634947,-0.5698524494529812,-0.16437342108556793
5.279999999999975,0.0,0.0,0.0,0.0,0.0,0.0,0.43507562270528605,1.1610500341262242,1.4172450580619627,2.4239810452985533,-0.6355246970219331,-0.16562440168956905
5.299999999999975,0.0,0.0,0.0,0.0,0.0,0.0,0.4637488179583751,1.150125654272155,1.395126030538049,2.467244265006753,-0.7360066142763643,-0.16275398174602104
5.3199999999999745,0.0,0.0,0.0,0.0,0.0,0.0,0.4917590132546209,1.138079260167149,1.3713396014976844,2.49910628111751,-0.7863275460266792,-0.1573005757812874
5.339999999999974,0.0,0.0,0.0,0.0,0.0,0.0,0.5198103467004113,1.1256357291854544,1.3466973648272529,2.536580729154984,-0.8096506556552671,-0.15590836135057995
5.359999999999974,0.0,0.0,0.0,0.0,0.0,0.0,0.5476945685380675,1.112616881409913,1.3208670164222005,2.5757885103628677,-0.8846991049737117,-0.15187320787224806
5.379999999999973,0.0,0.0,0.0,0.0,0.0,0.0,0.5748431595757965,1.0984919620063005,1.2936497258947517,2.571596614950426,-0.9606717814122441,-0.1294730816365502
5.399999999999973,0.0,0.0,0.0,0.0,0.0,0.0,0.6015505416382013,1.083592727823889,1.2656778296159403,2.580557131819768,-0.995093485473936,-0.11774744165305434
5.419999999999972,0.0,0.0,0.0,0.0,0.0,0.0,0.6279036753616803,1.0680223490383731,1.236689016908063,2.6056696156587655,-1.0709631749478166,-0.10872076468700015
5.439999999999972,0.0,0.0,0.0,0.0,0.0,0.0,0.6533694780910961,1.0512519571482495,1.2059742539981746,2.6198155155084426,-1.1713581912975546,-0.09279975464145145
5.4599999999999715,0.0,0.0,0.0,0.0,0.0,0.0,0.6781385216561789,1.0335064971344705,1.1739084144783762,2.626309787717242,-1.2226362443366714,-0.08227408553611615
5.479999999999971,0.0,0.0,0.0,0.0,0.0,0.0,0.7028447799652737,1.0154631623860004,1.1407080453318794,2.6808480811658244,-1.267330700459027,-0.09825376811147998
5.499999999999971,0.0,0.0,0.0,0.0,0.0,0.0,0.7272908785184599,0.9969365111915044,1.1058228894653257,2.7107746216996906,-1.3553911280387245,-0.09589916083804563
5.51999999999997,0.0,0.0,0.0,0.0,0.0,0.0,0.7512853960993604,0.9777533139654203,1.0695993801792945,2.7117514466805095,-1.4065771410843608,-0.0859661724040711
5.53999999999997,0.0,0.0,0.0,0.0,0.0,0.0,0.7753229560603527,0.9584700115523582,1.0328105774505985,2.722587784193545,-1.4285303726592584,-0.08780966024301481
5.559999999999969,0.0,0.0,0.0,0.0,0.0,0.0,0.7992356078434084,0.9389586813123113,0.9951338678901619,2.730494383000658,-1.5038170534075803,-0.07904835390447942
5.579999999999969,0.0,0.0,0.0,0.0,0.0,0.0,0.8223636180589434,0.9185328415903051,0.956436670667854,2.6817887834709735,-1.5823404334549467,-0.03614750368008026
5.599999999999969,0.0,0.0,0.0,0.0,0.0,0.0,0.8448772873458457,0.8973828180438539,0.9173496913561446,2.6507202239822174,-1.6198321704846708,-0.014515704344770862
5.619999999999968,0.0,0.0,0.0,0.0,0.0,0.0,0.8670525761400287,0.8761156481938882,0.877569807044057,2.6495607469690694,-1.6729430105224952,-0.02693534940562471
5.639999999999968,0.0,0.0,0.0,0.0,0.0,0.0,0.8884256177790759,0.8544689395969558,0.8365115930193021,2.6135348710095725,-1.7578457466921056,-0.008031702688983743
5.659999999999967,0.0,0.0,0.0,0.0,0.0,0.0,0.9090347491616159,0.8322874710742949,0.7946173768380511,2.5765129764914723,-1.8028777324157261,0.009720249748401688
5.679999999999967,0.0,0.0,0.0,0.0,0.0,0.0,0.929486105503384,0.8101217429957763,0.75194407656849,2.5917530087758935,-1.8535802766274794,-0.010290617801051581
5.699999999999966,0.0,0.0,0.0,0.0,0.0,0.0,0.9495798795975313,0.7877924570372347,0.7079360794106256,2.571358702539623,-1.9418805958573395,0.002022212121496487
5.719999999999966,0.0,0.0,0.0,0.0,0.0,0.0,0.9690563153723529,0.7645826368756048,0.6630321532559063,2.522688715227383,-2.013312468613935,0.05942841326993746
5.739999999999966,0.0,0.0,0.0,0.0,0.0,0.0,0.9883803387863648,0.740700866273734,0.6175415944846896,2.5192483467802123,-2.0745081601676487,0.06938683091205188
5.759999999999965,0.0,0.0,0.0,0.0,0.0,0.0,1.0073988351024146,0.7164471998570838,0.5709532222599928,2.4845183212612323,-2.161053878699359,0.08497551395509441
5.779999999999965,0.0,0.0,0.0,0.0,0.0,0.0,1.0254484258708478,0.6913032302716847,0.5236399864885165,2.383315931479121,-2.2281561633278253,0.1549684410892944
5.799999999999964,0.0,0.0,0.0,0.0,0.0,0.0,1.0427182307924192,0.6653625214112074,0.4764279043825109,2.306642550892987,-2.2568339456812354,0.19509055785383592
5.819999999999964,0.0,0.0,0.0,0.0,0.0,0.0,1.059390300824318,0.6393494386652819,0.4289672484908394,2.2414764380738927,-2.3086936233366138,0.19000874995259193
5.839999999999963,0.0,0.0,0.0,0.0,0.0,0.0,1.0749426067887695,0.6130849638655058,0.38110561301751117,2.1194942055010895,-2.354663063440815,0.23957048530209707
5.859999999999963,0.0,0.0,0.0,0.0,0.0,0.0,1.089511561360756,0.5859459615665508,0.33350674113950735,2.024145775645659,-2.388222807140075,0.31278222583788157
5.879999999999963,0.0,0.0,0.0,0.0,0.0,0.0,1.1037667179949688,0.5582284758423708,0.2858407867546425,1.9819493758884184,-2.4426984999669275,0.32354358042466097
5.899999999999962,0.0,0.0,0.0,0.0,0.0,0.0,1.1174864607430604,0.5301476039447293,0.23749463339583152,1.8934103586004487,-2.509944169157214,0.35615750997301077
5.919999999999962,0.0,0.0,0.0,0.0,0.0,0.0,1.130462976804422,0.5011722799542423,0.18894315137676412,1.7994887890316587,-2.5503303614625756,0.4322499406460636
5.939999999999961,0.0,0.0,0.0,0.0,0.0,0.0,1.1432161498710671,0.47149243271595487,0.14024171898627893,1.7522025076616463,-2.603788143702853,0.4504804435205285
5.959999999999961,0.0,0.0,0.0,0.0,0.0,0.0,1.155547130117958,0.441862011216907,0.09078855218455484,1.6612691353574325,-2.658601208806861,0.43826067691427323
5.9799999999999605,0.0,0.0,0.0,0.0,0.0,0.0,1.1667503958135883,0.4121095862530631,0.041026391140530416,1.520624458026403,-2.6805795926322724,0.48754139415707165
5.99999999999996,0.0,0.0,0.0,0.0,0.0,0.0,1.1770557414186609,0.3819745746988013,-0.008673529507579096,1.4320369268182382,-2.7131851396484903,0.509528586093003
6.01999999999996,0.0,0.0,0.0,0.0,0.0,0.0,1.186638880507689,0.3520111259634043,-0.058835179008227226,1.3256456031700066,-2.7556770221480327,0.48801398782285954
6.039999999999959,0.0,0.0,0.0,0.0,0.0,0.0,1.1949302079111515,0.3221426032482789,-0.10912854683017106,1.167493019331873,-2.7596391671569287,0.5260196062021983
6.059999999999959,0.0,0.0,0.0,0.0,0.0,0.0,1.2021012129960142,0.29168672818204433,-0.15869856275685582,1.0483721686094374,-2.749363326667954,0.5925329486587801
6.079999999999958,0.0,0.0,0.0,0.0,0.0,0.0,1.2088629748427613,0.2608691856804003,-0.20788267993689305,0.9694211694519347,-2.771175181681433,0.5955890461765219
6.099999999999958,0.0,0.0,0.0,0.0,0.0,0.0,1.2149886087795323,0.23012826398943392,-0.2568789486657368,0.8342719086842656,-2.7583319701010223,0.6139973954188684
6.1199999999999575,0.0,0.0,0.0,0.0,0.0,0.0,1.2202313894226986,0.19905338179021675,-0.30502037550664163,0.7162594266312713,-2.7296068406924707,0.6750740933737462
6.139999999999957,0.0,0.0,0.0,0.0,0.0,0.0,1.2251428371440292,0.16768756331772833,-0.3526049524825929,0.6425699686709191,-2.73837689485097,0.6774519863401243
6.159999999999957,0.0,0.0,0.0,0.0,0.0,0.0,1.2295697108163952,0.136676740003763,-0.40035392239982387,0.5235501628296577,-2.7500037360568172,0.6537795853698047
6.179999999999956,0.0,0.0,0.0,0.0,0.0,0.0,1.2327837238006019,0.10580211097684361,-0.44782867775446916,0.3726969075575176,-2.7218687199395943,0.6881350279252912
6.199999999999956,0.0,0.0,0.0,0.0,0.0,0.0,1.235002304914639,0.07478832978403036,-0.49481811694777894,0.2729872624744113,-2.7200351930158746,0.6922103288770343
6.219999999999955,0.0,0.0,0.0,0.0,0.0,0.0,1.2365366989649145,0.044161370756466825,-0.5419077268703089,0.15975176992889473,-2.726276350455337,0.6551141890003539
6.239999999999955,0.0,0.0,0.0,0.0,0.0,0.0,1.2368712368977368,0.013836283388789533,-0.5886969138479481,0.009868963804757713,-2.6864686357658516,0.6768447288877387
6.2599999999999545,0.0,0.0,0.0,0.0,0.0,0.0,1.2360932864658667,-0.016883876447079463,-0.6343755120617125,-0.09365323937541287,-2.6365212326290286,0.726622273122112
6.279999999999954,0.0,0.0,0.0,0.0,0.0,0.0,1.2349016869050777,-0.04779228849267521,-0.6793046381809664,-0.17089349011193888,-2.6210107296411174,0.7146089971766383
6.299999999999954,0.0,0.0,0.0,0.0,0.0,0.0,1.2330902089103832,-0.07856024968427915,-0.723624630612915,-0.28970425529331495,-2.570475661851133,0.7281358699730176
6.319999999999953,0.0,0.0,0.0,0.0,0.0,0.0,1.230152239168163,-0.10967789394633606,-0.7666590104629255,-0.4074949805676795,-2.505315593679467,0.7814348063852924
6.339999999999953,0.0,0.0,0.0,0.0,0.0,0.0,1.2264473555369573,-0.14104692339045957,-0.8087190426696118,-0.4889111351724922,-2.4788078592366727,0.7720465201206324
6.359999999999952,0.0,0.0,0.0,0.0,0.0,0.0,1.2220153465561758,-0.1719537834353559,-0.8505191046422369,-0.6062570893823234,-2.4543244887626883,0.7329670490911531
6.379999999999952,0.0,0.0,0.0,0.0,0.0,0.0,1.2162838054063663,-0.20258226656689413,-0.891618625957613,-0.7315656297938025,-2.3917932411237675,0.7522485890454569
6.3999999999999515,0.0,0.0,0.0,0.0,0.0,0.0,1.2095015089415622,-0.23349972525681417,-0.9318091950040108,-0.8156157923565824,-2.3666648475551297,0.7692869561804159
6.419999999999951,0.0,0.0,0.0,0.0,0.0,0.0,1.2022734829571489,-0.26438222200423067,-0.9716819559409794,-0.8898934159715551,-2.3452046673534763,0.7368006527563135
6.439999999999951,0.0,0.0,0.0,0.0,0.0,0.0,1.1943169929514277,-0.29507959940403683,-1.0108382253304207,-0.9864027933027949,-2.277529569496127,0.7532741434528513
6.45999999999995,0.0,0.0,0.0,0.0,0.0,0.0,1.1855491250900916,-0.326122125432091,-1.0484662159726028,-1.039603509352061,-2.202806175409491,0.797009770352622
6.47999999999995,0.0,0.0,0.0,0.0,0.0,0.0,1.176558781432688,-0.35725057510716696,-1.0849324705421362,-1.0814635074087964,-2.1580195823975368,0.7770727791291898
6.499999999999949,0.0,0.0,0.0,0.0,0.0,0.0,1.1671340564863348,-0.38773810078201354,-1.120384314590326,-1.1514423275565464,-2.0689413044365916,0.7500820791931196
6.519999999999949,0.0,0.0,0.0,0.0,0.0,0.0,1.1565851421570255,-0.417791212547481,-1.1541443676184844,-1.2262332630296222,-1.9761398427737236,0.7730069948313038
6.5399999999999485,0.0,0.0,0.0,0.0,0.0,0.0,1.1451528544554495,-0.44758205869548273,-1.1865330032730252,-1.2752355883090638,-1.9232327630745938,0.748770414914946
6.559999999999948,0.0,0.0,0.0,0.0,0.0,0.0,1.133030732007013,-0.4765229430367838,-1.218273833165567,-1.3524656050047599,-1.867894260448526,0.691484134671279
6.579999999999948,0.0,0.0,0.0,0.0,0.0,0.0,1.1196552931080554,-0.5047615977761647,-1.2489337209322087,-1.4295054981978033,-1.7879976691902195,0.6959127616862519
6.599999999999947,0.0,0.0,0.0,0.0,0.0,0.0,1.1052185539883472,-0.5330026094449639,-1.2783223923740927,-1.4712823846440577,-1.7504338266501738,0.7077053599452676
6.619999999999947,0.0,0.0,0.0,0.0,0.0,0.0,1.0904823645379094,-0.5610244396560911,-1.3070524267798502,-1.4969852818557847,-1.710155821428212,0.6693523607715999
6.639999999999946,0.0,0.0,0.0,0.0,0.0,0.0,1.0752299837592947,-0.5884838857490381,-1.3347373557873692,-1.5331543325769423,-1.629778357251577,0.6672462782409003
6.659999999999946,0.0,0.0,0.0,0.0,0.0,0.0,1.0591939317466992,-0.6158643448849607,-1.360564373404116,-1.532880611391801,-1.5562176935960008,0.7040225344491552
6.6799999999999455,0.0,0.0,0.0,0.0,0.0,0.0,1.0429464407326803,-0.6430810614956435,-1.3849137986449822,-1.525488231067687,-1.5037287275154905,0.6808811924364636
6.699999999999945,0.0,0.0,0.0,0.0,0.0,0.0,1.0263833726515152,-0.6694306918361909,-1.407962388049945,-1.5372953002036684,-1.411987207532761,0.6520277536659331
6.719999999999945,0.0,0.0,0.0,0.0,0.0,0.0,1.0087612217954873,-0.6951045232274555,-1.4290359953428557,-1.553414661523498,-1.328998516569056,0.6734151197870137
6.739999999999944,0.0,0.0,0.0,0.0,0.0,0.0,0.990311330048773,-0.7206917912025294,-1.4484562447791798,-1.5541817236214803,-1.2958209663512887,0.6814201437716669
6.759999999999944,0.0,0.0,0.0,0.0,0.0,0.0,0.9716518665651847,-0.745884847402293,-1.4669854168315193,-1.552143031799876,-1.2492735747211892,0.6467273583893037
6.779999999999943,0.0,0.0,0.0,0.0,0.0,0.0,0.952451192987354,-0.7705357769003587,-1.484216376352067,-1.5525578237387236,-1.186971391503201,0.6604294870834406
6.799999999999943,0.0,0.0,0.0,0.0,0.0,0.0,0.9326105143118274,-0.7951936250363992,-1.4999334818512333,-1.5398250599066345,-1.1639880917442438,0.6797085799049671
6.8199999999999426,0.0,0.0,0.0,0.0,0.0,0.0,0.9127423534129221,-0.8196340374198858,-1.5147713409831145,-1.519178241924266,-1.12907508458978,0.649545751962231
6.839999999999942,0.0,0.0,0.0,0.0,0.0,0.0,0.8926297651618376,-0.8431180255710781,-1.528390857525985,-1.4984664192787087,-1.046105889817442,0.6257276668945138
6.859999999999942,0.0,0.0,0.0,0.0,0.0,0.0,0.8715428930920571,-0.8658439989695133,-1.5399497707676089,-1.4818152436560472,-0.984520015696661,0.6467657870209623
6.879999999999941,0.0,0.0,0.0,0.0,0.0,0.0,0.8497191114644898,-0.8880552981210207,-1.5498198790786122,-1.4594317049607017,-0.9420698744668262,0.6260685821497775
6.899999999999941,0.0,0.0,0.0,0.0,0.0,0.0,0.8274132610610382,-0.9091944098569184,-1.5582601024095624,-1.4316992477706059,-0.8618258132918006,0.5950031086697207
6.91999999999994,0.0,0.0,0.0,0.0,0.0,0.0,0.8040544613205561,-0.9293689425208546,-1.5646093078348102,-1.408903258798856,-0.8014276401816588,0.6105498582483821
6.93999999999994,0.0,0.0,0.0,0.0,0.0,0.0,0.7798127635883838,-0.9493001430865459,-1.5691466993503926,-1.381405968503536,-0.7894630560346954,0.6198327667368739
6.95999999999994,0.0,0.0,0.0,0.0,0.0,0.0,0.7554819472113542,-0.9687969772885799,-1.5726932764594985,-1.3421318660399106,-0.7546612856693642,0.5876599457779369
6.979999999999939,0.0,0.0,0.0,0.0,0.0,0.0,0.7308780761825933,-0.9872067280320272,-1.5749066093602127,-1.301880651968841,-0.6844796783809033,0.5672075147206506
6.999999999999939,0.0,0.0,0.0,0.0,0.0,0.0,0.7053463782350058,-1.0047879617029092,-1.5754660371366795,-1.2981796390821876,-0.6595397456381947,0.566803021333848
7.019999999999938,0.0,0.0,0.0,0.0,0.0,0.0,0.6792173995422288,-1.0217753272404673,-1.5749837129833038,-1.2738680385899719,-0.6316556011187372,0.537246676315858
7.039999999999938,0.0,0.0,0.0,0.0,0.0,0.0,0.6527660194071703,-1.037627254388301,-1.5732608148558895,-1.2236678438675035,-0.559845755811694,0.5121630154148603
7.059999999999937,0.0,0.0,0.0,0.0,0.0,0.0,0.6254380870226467,-1.0524615323229551,-1.569462699363474,-1.1805379626887187,-0.5172706922650445,0.5257695723432663
7.079999999999937,0.0,0.0,0.0,0.0,0.0,0.0,0.597425572719993,-1.0670156940995998,-1.5639091909553156,-1.136279529027724,-0.5186084628490839,0.5320480667262693
7.099999999999937,0.0,0.0,0.0,0.0,0.0,0.0,0.5695521313798392,-1.0811327208528272,-1.556962064934408,-1.0403601945081697,-0.4771065580753191,0.5220145467915026
7.119999999999936,0.0,0.0,0.0,0.0,0.0,0.0,0.5416482761279212,-1.0941532282238924,-1.548053425910311,-0.9611598629465335,-0.4108222455117886,0.5164942942516744
7.139999999999936,0.0,0.0,0.0,0.0,0.0,0.0,0.5130418179303321,-1.106329007009505,-1.537384800304906,-0.9485417555970803,-0.3979226179869418,0.5142577383399173
7.159999999999935,0.0,0.0,0.0,0.0,0.0,0.0,0.4840447354201558,-1.1179626718256201,-1.5257264960070378,-0.9058588855926697,-0.3769393336178159,0.49535675176982824
7.179999999999935,0.0,0.0,0.0,0.0,0.0,0.0,0.4552679079142478,-1.1285463880743645,-1.5127955761333303,-0.8061473079551233,-0.31355454247063874,0.48271077791331496
7.1999999999999345,0.0,0.0,0.0,0.0,0.0,0.0,0.42636461125385394,-1.1381752581887867,-1.498261255431644,-0.7675922233791083,-0.29459329200115536,0.48498055014095776
7.219999999999934,0.0,0.0,0.0,0.0,0.0,0.0,0.39724061648679204,-1.147585620986505,-1.4826568710717576,-0.7250671255309877,-0.30855993560726713,0.48500790513942504
7.239999999999934,0.0,0.0,0.0,0.0,0.0,0.0,0.36853437417649115,-1.1565904247531436,-1.4658340747872447,-0.6086537678609764,-0.27119906300111,0.48582901237811577
7.259999999999933,0.0,0.0,0.0,0.0,0.0,0.0,0.3400656396770128,-1.1645344790014158,-1.4470918689103058,-0.5195338337555555,-0.21458130317622948,0.4908535659108559
7.279999999999933,0.0,0.0,0.0,0.0,0.0,0.0,0.31108198626817274,-1.1716962415446417,-1.4267599378595435,-0.5082397817538912,-0.20910455583927376,0.4931248886451028
7.299999999999932,0.0,0.0,0.0,0.0,0.0,0.0,0.28177305336505676,-1.1782841536850153,-1.4050826487000625,-0.4225477444047382,-0.1768383248420232,0.49860641435609954
7.319999999999932,0.0,0.0,0.0,0.0,0.0,0.0,0.252857004544172,-1.1837372758903706,-1.3815489629866435,-0.2922742804359986,-0.11294636488227484,0.5079157801545954
7.3399999999999315,0.0,0.0,0.0,0.0,0.0,0.0,0.22408034778424632,-1.1882287347223972,-1.3564547170637824,-0.2594778929980317,-0.10096801706280621,0.5134949605401546
7.359999999999931,0.0,0.0,0.0,0.0,0.0,0.0,0.19478053790654234,-1.192510931572146,-1.3304736756614486,-0.2581160335179024,-0.11729499023335584,0.5191274417266436
7.379999999999931,0.0,0.0,0.0,0.0,0.0,0.0,0.16526415932397556,-1.1963720029026335,-1.303306717677718,-0.1669974876118535,-0.08381656810532154,0.5323020022835577
7.39999999999993,0.0,0.0,0.0,0.0,0.0,0.0,0.13574174444331838,-1.1992541058213884,-1.2748900160354888,-0.1389437047454428,-0.045890423409494216,0.5346754132262573
7.41999999999993,0.0,0.0,0.0,0.0,0.0,0.0,0.10560232504763292,-1.2015133027693032,-1.2457693721001222,-0.16038800205643516,-0.05146577061803025,0.5389870088082872
7.439999999999929,0.0,0.0,0.0,0.0,0.0,0.0,0.07500100834269241,-1.203215368555265,-1.2155904814608762,-0.0843974240134057,-0.020062651228864567,0.5587942384618679
7.459999999999929,0.0,0.0,0.0,0.0,0.0,0.0,0.04479507353025178,-1.2037726662552732,-1.184193233186946,-0.005918975500222107,0.031879615691425736,0.5699558754210231
7.4799999999999285,0.0,0.0,0.0,0.0,0.0,0.0,0.014811768108243917,-1.203436812270622,-1.15209923644341,0.00307110622686573,0.03601462321673055,0.5806459449237744
7.499999999999928,0.0,0.0,0.0,0.0,0.0,0.0,-0.015710367571928355,-1.2028518558108314,-1.1189013024983139,0.042657564335583306,0.021949941968118537,0.6125423900534664
7.519999999999928,0.0,0.0,0.0,0.0,0.0,0.0,-0.046474504637526365,-1.2017381653025112,-1.0843198067716204,0.1069129340830991,0.050609238963954604,0.6359413219471993
7.539999999999927,0.0,0.0,0.0,0.0,0.0,0.0,-0.07675048931212215,-1.199953361563545,-1.0489734664800405,0.16098249469081183,0.048827119335972405,0.650583674111816
7.559999999999927,0.0,0.0,0.0,0.0,0.0,0.0,-0.10686441165519694,-1.1980532452015191,-1.0125539174188969,0.22074050117022367,0.019122927392755926,0.6842846873443716
7.579999999999926,0.0,0.0,0.0,0.0,0.0,0.0,-0.1369710221550428,-1.1958101241732868,-0.9743600917299313,0.324111994329231,0.033907782653209165,0.7274427190223715
7.599999999999926,0.0,0.0,0.0,0.0,0.0,0.0,-0.1663990152197746,-1.1925139756609666,-0.9349408684352812,0.39870396490459814,0.0728300487014591,0.7553961113436402
7.6199999999999255,0.0,0.0,0.0,0.0,0.0,0.0,-0.19533714966683594,-1.1883797262354436,-0.8945055629196654,0.46203420022183495,0.06387075972106798,0.7955416295528271
7.639999999999925,0.0,0.0,0.0,0.0,0.0,0.0,-0.2245406796201522,-1.1835865308033184,-0.8524484768581507,0.5157566506677164,0.07598537208460189,0.8483094334984719
7.659999999999925,0.0,0.0,0.0,0.0,0.0,0.0,-0.2537419676808523,-1.177576929985976,-0.8093017982448455,0.554467063485554,0.11911210372226348,0.8883676393072578
7.679999999999924,0.0,0.0,0.0,0.0,0.0,0.0,-0.28235272639931036,-1.1705274834922341,-0.7658141275493078,0.5954607424384993,0.1155852858230634,0.9186402080028637
7.699999999999924,0.0,0.0,0.0,0.0,0.0,0.0,-0.3107428404721067,-1.1631321005502737,-0.7215395707142755,0.6366429274263731,0.08318803838553562,0.9617134060018708
7.719999999999923,0.0,0.0,0.0,0.0,0.0,0.0,-0.3389896324601487,-1.155164366069705,-0.6765025926136998,0.666206708723867,0.0967447766021437,1.0001655617554592
7.739999999999923,0.0,0.0,0.0,0.0,0.0,0.0,-0.366507942343118,-1.1464056651197703,-0.6314382989773941,0.69677920423422,0.09031317218658853,1.0267128023465777
7.7599999999999225,0.0,0.0,0.0,0.0,0.0,0.0,-0.393607710083265,-1.1373919257046714,-0.5859356091408178,0.7314339980584946,0.0447961543129539,1.0648750218561438
7.779999999999922,0.0,0.0,0.0,0.0,0.0,0.0,-0.42057641659678047,-1.1279814824092171,-0.5397660553166219,0.752696094895217,0.0438711782726685,1.1060891736554563
7.799999999999922,0.0,0.0,0.0,0.0,0.0,0.0,-0.446861920771905,-1.1174768964997157,-0.4936178266542196,0.7781280243536565,0.06915322337706015,1.149217132705368
7.819999999999921,0.0,0.0,0.0,0.0,0.0,0.0,-0.47263790013670265,-1.1060719248237636,-0.4471827950295859,0.8072065020728368,0.040087745782782194,1.200454437057666
7.839999999999921,0.0,0.0,0.0,0.0,0.0,0.0,-0.49866972057891984,-1.0940392540313137,-0.3996776813023918,0.8235504689527263,0.01847328154400199,1.2664414052223263
7.85999999999992,0.0,0.0,0.0,0.0,0.0,0.0,-0.5246990410712995,-1.0808785685978715,-0.3515795099113848,0.8325264178997167,0.03460687535392945,1.3266267118390929
7.87999999999992,0.0,0.0,0.0,0.0,0.0,0.0,-0.5501760216901482,-1.0667070197790158,-0.3031539513335578,0.876599743480602,0.0008301891657746321,1.3820454616690712
7.8999999999999195,0.0,0.0,0.0,0.0,0.0,0.0,-0.5754876824748187,-1.0522021242228994,-0.2537873976135767,0.8976228346533639,-0.06298557180463071,1.4348643195470545
7.919999999999919,0.0,0.0,0.0,0.0,0.0,0.0,-0.60067623931734,-1.0371651642421815,-0.2038699368731029,0.9004501131035528,-0.0765418228391707,1.4846316791574676
7.939999999999919,0.0,0.0,0.0,0.0,0.0,0.0,-0.6251405736942705,-1.0213336338902825,-0.15426307828064653,0.9042292496865858,-0.09947054186404033,1.5173882636427056
7.959999999999918,0.0,0.0,0.0,0.0,0.0,0.0,-0.6491651330547209,-1.0052170753337026,-0.1046254099421488,0.905666003526128,-0.16748057634017044,1.5521936345761953
7.979999999999918,0.0,0.0,0.0,0.0,0.0,0.0,-0.6733058211891285,-0.9887237510030236,-0.054805180242344674,0.8646452965765071,-0.19160695649962178,1.5948269779853357
7.999999999999917,0.0,0.0,0.0,0.0,0.0,0.0,-0.6972023886487047,-0.9711920416231783,-0.005503120166554729,0.8404459733058912,-0.18912079812008145,1.6407366275745854
8.019999999999918,0.0,0.0,0.0,0.0,0.0,0.0,-0.7207807911096483,-0.952832152169693,0.043554585850876536,0.8264697848112874,-0.2438800490929058,1.6837686853687337
8.039999999999917,0.0,0.0,0.0,0.0,0.0,0.0,-0.7445994778106014,-0.9339479523988597,0.09308576883806953,0.8018784682048091,-0.2971334582472881,1.7405975543603045
8.059999999999917,0.0,0.0,0.0,0.0,0.0,0.0,-0.768358762539057,-0.9140671509576591,0.14264634625965503,0.7776867633776723,-0.30695501999677016,1.7956071818815735
8.079999999999917,0.0,0.0,0.0,0.0,0.0,0.0,-0.7913964769513134,-0.893303309195953,0.19200600755323763,0.7966877519131403,-0.3643264798032819,1.835531945063071
8.099999999999916,0.0,0.0,0.0,0.0,0.0,0.0,-0.8139625095783156,-0.872337258411899,0.2417497571274746,0.7899840442488949,-0.45079039154159944,1.8666954356270435
8.119999999999916,0.0,0.0,0.0,0.0,0.0,0.0,-0.8361550068524954,-0.8509745727191829,0.2915307948916291,0.7692240395861011,-0.481088811500841,1.901713935979774
8.139999999999915,0.0,0.0,0.0,0.0,0.0,0.0,-0.8573890707598892,-0.828985727091804,0.34053616728304664,0.7568390922741852,-0.5130314710127671,1.9119343392059565
8.159999999999915,0.0,0.0,0.0,0.0,0.0,0.0,-0.8778796425514243,-0.8069012208271256,0.3890643400933302,0.7357666916782859,-0.5900634970942672,1.917969084411078
8.179999999999914,0.0,0.0,0.0,0.0,0.0,0.0,-0.8982754447965366,-0.7846049169377559,0.43727288327992603,0.6691077527798988,-0.6206568556853338,1.9399403298702254
8.199999999999914,0.0,0.0,0.0,0.0,0.0,0.0,-0.9183114984416385,-0.761428821701549,0.4845056503002393,0.6260377397619047,-0.6196855677659729,1.966623664560005
8.219999999999914,0.0,0.0,0.0,0.0,0.0,0.0,-0.9377890100028715,-0.7375895444215402,0.5309919195178885,0.5936525082508952,-0.6754273769311141,1.9810255121271805
8.239999999999913,0.0,0.0,0.0,0.0,0.0,0.0,-0.9572291989534878,-0.7133668969815601,0.5774383081173777,0.5445563256792489,-0.732377701423454,2.013940242684145
8.259999999999913,0.0,0.0,0.0,0.0,0.0,0.0,-0.9764298355530159,-0.6882722429731553,0.6234632816836059,0.503849761767033,-0.7380362763847693,2.0490007073705048
8.279999999999912,0.0,0.0,0.0,0.0,0.0,0.0,-0.994676032391731,-0.6624375481737321,0.6688194134647159,0.5074872811150049,-0.7859064820804275,2.059646289328278
8.299999999999912,0.0,0.0,0.0,0.0,0.0,0.0,-1.0121414486980895,-0.6365600650673261,0.7140639566550507,0.4826609315741557,-0.8621913540937244,2.0588662857294957
8.319999999999911,0.0,0.0,0.0,0.0,0.0,0.0,-1.0290649634474955,-0.6104466303218656,0.7588632147573855,0.44118048337743804,-0.8729292033797953,2.0684142370523975
8.339999999999911,0.0,0.0,0.0,0.0,0.0,0.0,-1.044929843560504,-0.5838757722158843,0.8024086951476515,0.4211335575683777,-0.8754034617916907,2.0508696311504786
8.35999999999991,0.0,0.0,0.0,0.0,0.0,0.0,-1.0598436921051835,-0.5573870586725331,0.845011602780535,0.38891630680676015,-0.926566520317744,2.0262719167056744
8.37999999999991,0.0,0.0,0.0,0.0,0.0,0.0,-1.0744784220479406,-0.5308595137728404,0.8868287655772145,0.3127019635727913,-0.9269694950489376,2.0236695393400943
8.39999999999991,0.0,0.0,0.0,0.0,0.0,0.0,-1.0886422857771931,-0.5036222754958741,0.9272063023807432,0.26789068524476745,-0.8911221900714792,2.029626111404663
8.41999999999991,0.0,0.0,0.0,0.0,0.0,0.0,-1.1019632162160344,-0.4758928442859958,0.9664015079234988,0.24403160169677968,-0.9147944943671165,2.018830312539546
8.439999999999909,0.0,0.0,0.0,0.0,0.0,0.0,-1.1148645477471222,-0.4479564633034517,1.0051342590642933,0.19240348113554687,-0.9424452141607007,2.028038610548554
8.459999999999908,0.0,0.0,0.0,0.0,0.0,0.0,-1.1273080517923149,-0.4193239480137102,1.0430084572399299,0.15503139622999815,-0.9082692321135074,2.0443400114171277
8.479999999999908,0.0,0.0,0.0,0.0,0.0,0.0,-1.1386528207361803,-0.390119224869475,1.0797817385753186,0.15865758787153142,-0.9152192394652118,2.03348515977303
8.499999999999908,0.0,0.0,0.0,0.0,0.0,0.0,-1.1490591179095067,-0.36104400975997764,1.1160234657653096,0.13019155229990165,-0.9499338222594246,2.00901118509281
8.519999999999907,0.0,0.0,0.0,0.0,0.0,0.0,-1.1591446168302042,-0.33190745714049213,1.1513797571826945,0.062129019747409864,-0.9119960157985402,2.0012497539370075
8.539999999999907,0.0,0.0,0.0,0.0,0.0,0.0,-1.1686894066805495,-0.30246326968200615,1.18504997119273,0.033580059563006276,-0.8609089131797234,1.9686639369938064
8.559999999999906,0.0,0.0,0.0,0.0,0.0,0.0,-1.1774790934322668,-0.27324802475427945,1.217378923563647,0.005202241068892773,-0.8656743337538589,1.9253416252056967
8.579999999999906,0.0,0.0,0.0,0.0,0.0,0.0,-1.1860153522667733,-0.24416272476554174,1.2485323273199858,-0.06170931676384138,-0.8179019065301626,1.90819805335726
8.599999999999905,0.0,0.0,0.0,0.0,0.0,0.0,-1.1941648207890525,-0.21452896034318686,1.2778637410555895,-0.08625501206682988,-0.7330412826781033,1.904276058380553
8.619999999999905,0.0,0.0,0.0,0.0,0.0,0.0,-1.2011880765586178,-0.18455715896647817,1.3056687009538432,-0.0649264005732331,-0.7123992010873914,1.8799399882780512
8.639999999999905,0.0,0.0,0.0,0.0,0.0,0.0,-1.207231152771599,-0.15482077710490724,1.332684107108398,-0.08318052534554601,-0.7077136202736916,1.8504464932602827
8.659999999999904,0.0,0.0,0.0,0.0,0.0,0.0,-1.2129473134675994,-0.12503155889664186,1.3585144462574938,-0.128087308363495,-0.6342919022872983,1.8395173050534512
8.679999999999904,0.0,0.0,0.0,0.0,0.0,0.0,-1.2180705834063932,-0.09510110637883215,1.382936019611864,-0.11602612267947761,-0.6004726604641469,1.8108820828841528
8.699999999999903,0.0,0.0,0.0,0.0,0.0,0.0,-1.2219657198000018,-0.06559447876950074,1.4065385548846154,-0.08418702348213467,-0.5950827242567999,1.7683923612285888
8.719999999999903,0.0,0.0,0.0,0.0,0.0,0.0,-1.224938713818718,-0.03631895599785799,1.4289717205067987,-0.09885943417611426,-0.5151454802217792,1.7469367132222717
8.739999999999903,0.0,0.0,0.0,0.0,0.0,0.0,-1.2271362289537309,-0.00661383553911735,1.4494449039446557,-0.07693316935954653,-0.4075079733287622,1.7404822863211293
8.759999999999902,0.0,0.0,0.0,0.0,0.0,0.0,-1.2279567040302064,0.02330177459890282,1.4683216656462565,-0.020963347630570194,-0.363318049947993,1.7117294727674746
8.779999999999902,0.0,0.0,0.0,0.0,0.0,0.0,-1.2275913729009185,0.0532121479576943,1.4857864654616308,-0.00933847051552337,-0.2743806866714957,1.6919800202509239
8.799999999999901,0.0,0.0,0.0,0.0,0.0,0.0,-1.2268206677910543,0.08364965203868077,1.5012026637630986,-0.01897861345724033,-0.1485624194698163,1.6919524380866855
8.8199999999999,0.0,0.0,0.0,0.0,0.0,0.0,-1.2254434419707363,0.11446669855087312,1.514879431035368,0.02138717473235507,-0.09124236456492082,1.6683259987311758
8.8399999999999,0.0,0.0,0.0,0.0,0.0,0.0,-1.2228236902064649,0.14492859351451554,1.5275722077954472,0.07633927898692695,-0.05763789835951592,1.6242566771979192
8.8599999999999,0.0,0.0,0.0,0.0,0.0,0.0,-1.21929205397816,0.17519783545215203,1.5389015555455257,0.0962242078653931,0.04392756515235365,1.602628108497967
8.8799999999999,0.0,0.0,0.0,0.0,0.0,0.0,-1.2150278385296354,0.20585348101014492,1.548655181923867,0.14542010425412227,0.1191510620002916,1.6048778175990417
8.899999999999899,0.0,0.0,0.0,0.0,0.0,0.0,-1.2094385478620162,0.23658514223323976,1.5574432006974634,0.22060424766963926,0.15633332773313383,1.573741848237337
8.919999999999899,0.0,0.0,0.0,0.0,0.0,0.0,-1.2027228366060674,0.2672170674703437,1.5649337429734351,0.26422919782796717,0.2583930003712934,1.5466712610369955
8.939999999999898,0.0,0.0,0.0,0.0,0.0,0.0,-1.195673185245668,0.2982749640860951,1.5703436185875725,0.28976854028522875,0.38513900506052456,1.5356970628430757
8.959999999999898,0.0,0.0,0.0,0.0,0.0,0.0,-1.1881051690834465,0.32952487467681557,1.5740461802402101,0.3527061552338811,0.4434755395979279,1.4979507575995807
8.979999999999897,0.0,0.0,0.0,0.0,0.0,0.0,-1.179656151766384,0.360209748690308,1.5762441499487234,0.4180229763729336,0.522532019456998,1.4218026803042658
8.999999999999897,0.0,0.0,0.0,0.0,0.0,0.0,-1.1708588043140644,0.390516550624064,1.5763061109844736,0.45953186352973346,0.639660829176092,1.3770332918546204
9.019999999999897,0.0,0.0,0.0,0.0,0.0,0.0,-1.161663287992229,0.42065965860416227,1.5745431873202564,0.5296687315067469,0.6954644045443494,1.3303115372161467
9.039999999999896,0.0,0.0,0.0,0.0,0.0,0.0,-1.1513440291138655,0.45005882317804824,1.5717354471463791,0.6208629947083013,0.7207327831909853,1.258615618921211
9.059999999999896,0.0,0.0,0.0,0.0,0.0,0.0,-1.1401199959235366,0.47883324380541453,1.5675324426516852,0.6899455937323433,0.8079261767517407,1.2078202501539708
9.079999999999895,0.0,0.0,0.0,0.0,0.0,0.0,-1.128666013895815,0.507686180780844,1.561720311149609,0.7306574610276466,0.8754738457589039,1.1906395453348384
9.099999999999895,0.0,0.0,0.0,0.0,0.0,0.0,-1.1166753843818127,0.5363854108085052,1.5549276640458218,0.8072744817470022,0.8984022517462235,1.1409910744910403
9.119999999999894,0.0,0.0,0.0,0.0,0.0,0.0,-1.10395258845547,0.5643206152299182,1.546865299317823,0.8870425002386966,0.9580983732439324,1.0562924058812806
9.139999999999894,0.0,0.0,0.0,0.0,0.0,0.0,-1.0910927294864308,0.5917895290454668,1.5367492881514417,0.9519208792705312,1.0476921598084044,1.0024449736212662
9.159999999999894,0.0,0.0,0.0,0.0,0.0,0.0,-1.0778835486678062,0.6189095023646363,1.524949231664556,1.0407621192194418,1.0772422222317228,0.9418677530782221
9.179999999999893,0.0,0.0,0.0,0.0,0.0,0.0,-1.0635334934717104,0.6451090306994584,1.5117161211210943,1.1765249049215298,1.1152892590003693,0.8456586695248274
9.199999999999893,0.0,0.0,0.0,0.0,0.0,0.0,-1.0482859752758866,0.6705958427035418,1.4964352232682363,1.2828937636130957,1.1916209875891002,0.7772337225040269
9.219999999999892,0.0,0.0,0.0,0.0,0.0,0.0,-1.0324377428962939,0.69605908234672,1.4793887968692057,1.378262236793109,1.2366302603743178,0.7505917551953051
9.239999999999892,0.0,0.0,0.0,0.0,0.0,0.0,-1.015409879048751,0.7212737788856838,1.4613936372066345,1.4959753005605478,1.2410796355685656,0.6931130175273812
9.259999999999891,0.0,0.0,0.0,0.0,0.0,0.0,-0.9973301599430054,0.7460106051854067,1.4421447122265993,1.6011984847550789,1.2895245794100858,0.6322797730255888
9.279999999999891,0.0,0.0,0.0,0.0,0.0,0.0,-0.978980083045896,0.7708056391648355,1.4213888798663687,1.6613888698004877,1.3327061433117438,0.6090716059418431
9.29999999999989,0.0,0.0,0.0,0.0,0.0,0.0,-0.9601412430677548,0.7954913728985626,1.3997600402805783,1.74870425003968,1.327228539118537,0.5599264671720755
9.31999999999989,0.0,0.0,0.0,0.0,0.0,0.0,-0.9401628826238003,0.8193263907808734,1.3770505922813785,1.89048913713733,1.3351385495130221,0.46653218966247706
9.33999999999989,0.0,0.0,0.0,0.0,0.0,0.0,-0.9193826412455361,0.8425038966733704,1.3524827984068575,2.002382964881013,1.3776783127563723,0.4007610734847686
9.35999999999989,0.0,0.0,0.0,0.0,0.0,0.0,-0.8980035952152945,0.8652909279173385,1.326393570618867,2.1025873166739695,1.3745237266775943,0.343028004444268
9.379999999999889,0.0,0.0,0.0,0.0,0.0,0.0,-0.8754503695377908,0.8871399053202478,1.2991095718261403,2.2496563569507586,1.3584149925458928,0.24740977203247616
9.399999999999888,0.0,0.0,0.0,0.0,0.0,0.0,-0.8519318391426556,0.9081403315476289,1.2700557940214394,2.3742506617558874,1.3819039463125318,0.17271552183992508
9.419999999999888,0.0,0.0,0.0,0.0,0.0,0.0,-0.8282266059025275,0.928981665844255,1.2394779848923179,2.4265186626126254,1.390788545640474,0.14071511117365276
9.439999999999888,0.0,0.0,0.0,0.0,0.0,0.0,-0.8041543624983805,0.9494367357053543,1.208208905452942,2.5047315602159594,1.354678402530169,0.08541629684997201
9.459999999999887,0.0,0.0,0.0,0.0,0.0,0.0,-0.7794330929415927,0.9688847259070938,1.175956424601945,2.608515157230617,1.3282383849612016,-0.00200991320041663
9.479999999999887,0.0,0.0,0.0,0.0,0.0,0.0,-0.7546250269555196,0.9876082652883305,1.1424375268807603,2.652991301123653,1.3183091207561806,-0.046185234403295444
9.499999999999886,0.0,0.0,0.0,0.0,0.0,0.0,-0.7296594811229357,1.0057367863719604,1.108290078497859,2.71108240709725,1.2705266039889223,-0.09485904870293674
9.519999999999886,0.0,0.0,0.0,0.0,0.0,0.0,-0.7038255487332605,1.0227006029271322,1.0733509913012198,2.8393815634172253,1.21959338204148,-0.18147029594398584
9.539999999999885,0.0,0.0,0.0,0.0,0.0,0.0,-0.6773320957967157,1.0386900243216688,1.0368532813266114,2.9405488555336303,1.2073833733828574,-0.24642617506337378
9.559999999999885,0.0,0.0,0.0,0.0,0.0,0.0,-0.6508514029819786,1.0544044593918183,0.9991378805036292,2.972615908475956,1.193318808273767,-0.271601997107611
9.579999999999885,0.0,0.0,0.0,0.0,0.0,0.0,-0.6241341778011305,1.0696388753728465,0.9605569854286634,3.0688223046356797,1.1484012101421415,-0.33120134010089686
9.599999999999884,0.0,0.0,0.0,0.0,0.0,0.0,-0.5969837465839423,1.0841280238580169,0.9205664481246398,3.1675949211620478,1.1245825126345868,-0.39097949190847964
9.619999999999884,0.0,0.0,0.0,0.0,0.0,0.0,-0.5699707859094613,1.098395188871994,0.8794207713757,3.184195923202987,1.1116943743175178,-0.40725955376177964
9.639999999999883,0.0,0.0,0.0,0.0,0.0,0.0,-0.5429360380978253,1.112330432868966,0.8379379250257658,3.2263872679267247,1.0544609173881894,-0.43706091651923323
9.659999999999883,0.0,0.0,0.0,0.0,0.0,0.0,-0.5151414683647326,1.1252054549905532,0.7958297188747341,3.341210127671325,0.9841060044622837,-0.4999750500140796
9.679999999999882,0.0,0.0,0.0,0.0,0.0,0.0,-0.4867939438897394,1.1371974781879906,0.7528472701713848,3.383185380531208,0.9457616534039869,-0.528168671803454
9.699999999999882,0.0,0.0,0.0,0.0,0.0,0.0,-0.458524762665636,1.1489194054217409,0.7096218776818969,3.3767993719655824,0.9141684631092809,-0.5345307721639516
9.719999999999882,0.0,0.0,0.0,0.0,0.0,0.0,-0.43005187576994636,1.160078092188008,0.6659798219688533,3.4620668531437135,0.8510437168143931,-0.5785441908782942
9.739999999999881,0.0,0.0,0.0,0.0,0.0,0.0,-0.4012207487314743,1.1704833808063808,0.6211788660744868,3.537875684016781,0.8137115298019407,-0.6177851886990925
9.75999999999988,0.0,0.0,0.0,0.0,0.0,0.0,-0.3726058882279933,1.1806784628473086,0.5755766041032238,3.5322612936944977,0.7928614183855973,-0.6234627798710461
9.77999999999988,0.0,0.0,0.0,0.0,0.0,0.0,-0.34401183235118404,1.1904657831710603,0.5294807597876277,3.598942707112078,0.7305282707727163,-0.6547465980189885
9.79999999999988,0.0,0.0,0.0,0.0,0.0,0.0,-0.3147301137427274,1.1990835678747402,0.48234376783696337,3.713653846171229,0.6437725920862404,-0.7033548308649407
9.81999999999988,0.0,0.0,0.0,0.0,0.0,0.0,-0.2849893715624983,1.206722935566845,0.4344877193858231,3.72577182669532,0.5942813080655469,-0.7149449188051413
9.839999999999879,0.0,0.0,0.0,0.0,0.0,0.0,-0.25516814148865047,1.213680863395265,0.3867000995307927,3.727741588442398,0.5260292861084358,-0.7237809786808796
9.859999999999879,0.0,0.0,0.0,0.0,0.0,0.0,-0.22481427546032864,1.219417214874476,0.33866637406129124,3.8127402068371143,0.4265180754286402,-0.7571855684755655
9.879999999999878,0.0,0.0,0.0,0.0,0.0,0.0,-0.1939729503903491,1.2240174317899692,0.29024871596046337,3.821093927350805,0.36754211908761436,-0.7665532939730196
9.899999999999878,0.0,0.0,0.0,0.0,0.0,0.0,-0.16333076183560397,1.2282025021645095,0.2421090490387508,3.7738976300440354,0.33358498415569665,-0.7597137745473894
9.919999999999877,0.0,0.0,0.0,0.0,0.0,0.0,-0.13271481791347517,1.2317760088189311,0.194007897486289,3.8210962963178288,0.2566369171192079,-0.7769933864389447
9.939999999999877,0.0,0.0,0.0,0.0,0.0,0.0,-0.10186424991536047,1.234093201739181,0.14519787108431093,3.868956913558869,0.16229936154725183,-0.8016853728170751
9.959999999999877,0.0,0.0,0.0,0.0,0.0,0.0,-0.07130373048629697,1.2354312296401542,0.09605667299956155,3.8263385851558076,0.111205192832589,-0.8007019255850598
9.979999999999876,0.0,0.0,0.0,0.0,0.0,0.0,-0.040934971500782014,1.236002948950108,0.046877567247086305,3.854858464687661,0.0364258838724949,-0.8100544188475061
9.999999999999876,0.0,0.0,0.0,0.0,0.0,0.0,-0.010113590125364419,1.2352623877373559,-0.0029114107284613777,3.929016294445966,-0.06901319007534007,-0.8278705775627445
